t,x
0.0,270.0
0.01670336541427602,270.0
0.03340673082855204,270.0
0.05011009624282806,270.0
0.06681346165710408,512.0
0.08351682707138011,233.5
0.10022019248565614,223.5
0.11692355789993217,215.5
0.1336269233142082,207.5
0.15033028872848422,199.5
0.16703365414276025,196.0
0.18373701955703628,227.0
0.2004403849713123,223.0
0.21714375038558834,223.5
0.23384711579986436,220.5
0.25055048121414036,151.0
0.2672538466284164,148.5
0.2839572120426924,146.0
0.30066057745696845,144.0
0.3173639428712445,143.0
0.3340673082855205,143.0
0.35077067369979653,143.0
0.36747403911407256,144.0
0.3841774045283486,146.0
0.4008807699426246,148.0
0.41758413535690064,151.5
0.43428750077117667,155.0
0.4509908661854527,160.0
0.4676942315997287,164.0
0.48439759701400475,169.0
0.5011009624282807,175.5
0.5178043278425567,182.5
0.5345076932568327,189.5
0.5512110586711086,197.0
0.5679144240853846,204.5
0.5846177894996606,212.5
0.6013211549139366,222.0
0.6180245203282125,230.0
0.6347278857424885,240.0
0.6514312511567645,248.0
0.6681346165710405,258.0
0.6848379819853164,268.0
0.7015413473995924,277.5
0.7182447128138684,288.0
0.7349480782281443,297.5
0.7516514436424203,306.5
0.7683548090566963,316.5
0.7850581744709723,326.0
0.8017615398852482,335.0
0.8184649052995242,344.5
0.8351682707138002,352.5
0.8518716361280761,361.0
0.8685750015423521,368.5
0.8852783669566281,376.5
0.9019817323709041,383.5
0.91868509778518,390.5
0.935388463199456,396.5
0.952091828613732,401.5
0.968795194028008,407.0
0.9854985594422839,411.5
1.00220192485656,415.5
1.018905290270836,418.0
1.035608655685112,421.5
1.0523120210993882,423.5
1.0690153865136642,424.0
1.0857187519279403,425.5
1.1024221173422164,426.0
1.1191254827564925,425.0
1.1358288481707686,423.0
1.1525322135850447,420.5
1.1692355789993207,418.5
1.1859389444135968,415.0
1.202642309827873,411.0
1.219345675242149,406.5
1.236049040656425,401.5
1.2527524060707012,397.0
1.2694557714849772,389.5
1.2861591368992533,382.5
1.3028625023135294,375.0
1.3195658677278055,368.0
1.3362692331420816,359.5
1.3529725985563577,350.5
1.3696759639706337,342.0
1.3863793293849098,333.0
1.403082694799186,323.0
1.419786060213462,314.0
1.436489425627738,304.5
1.4531927910420142,294.5
1.4698961564562902,285.0
1.4865995218705663,274.5
1.5033028872848424,264.0
1.5200062526991185,254.0
1.5367096181133946,245.0
1.5534129835276707,235.5
1.5701163489419467,226.5
1.5868197143562228,217.0
1.603523079770499,208.0
1.620226445184775,200.5
1.636929810599051,192.0
1.6536331760133272,186.0
1.6703365414276032,179.0
1.6870399068418793,173.0
1.7037432722561554,166.5
1.7204466376704315,162.0
1.7371500030847076,157.0
1.7538533684989837,153.0
1.7705567339132597,150.5
1.7872600993275358,147.5
1.803963464741812,145.5
1.820666830156088,144.5
1.837370195570364,144.0
1.8540735609846402,144.0
1.8707769263989162,145.0
1.8874802918131923,146.5
1.9041836572274684,148.5
1.9208870226417445,151.0
1.9375903880560206,154.5
1.9542937534702967,143.0
1.9709971188845727,163.0
1.9877004842988488,169.0
2.0044038497131247,174.0
2.0211072151274005,180.0
2.0378105805416764,187.5
2.0545139459559523,195.0
2.071217311370228,202.5
2.087920676784504,211.0
2.10462404219878,219.5
2.1213274076130557,228.5
2.1380307730273316,236.5
2.1547341384416074,246.0
2.1714375038558833,255.5
2.188140869270159,265.5
2.204844234684435,274.5
2.221547600098711,284.5
2.2382509655129867,294.0
2.2549543309272626,303.5
2.2716576963415385,313.0
2.2883610617558143,322.0
2.30506442717009,332.0
2.321767792584366,340.5
2.338471157998642,349.0
2.3551745234129178,358.0
2.3718778888271936,365.5
2.3885812542414695,372.5
2.4052846196557454,380.0
2.421987985070021,386.5
2.438691350484297,393.0
2.455394715898573,399.0
2.472098081312849,404.0
2.4888014467271247,408.0
2.5055048121414005,413.0
2.5222081775556764,416.0
2.5389115429699523,418.5
2.555614908384228,421.5
2.572318273798504,423.0
2.58902163921278,423.5
2.6057250046270557,424.0
2.6224283700413316,423.0
2.6391317354556074,422.0
2.6558351008698833,420.0
2.672538466284159,418.0
2.689241831698435,415.0
2.705945197112711,410.5
2.7226485625269867,407.0
2.7393519279412626,402.0
2.7560552933555384,397.5
2.7727586587698143,390.0
2.78946202418409,384.0
2.806165389598366,377.0
2.822868755012642,369.5
2.8395721204269178,362.0
2.8562754858411936,353.5
2.8729788512554695,344.5
2.8896822166697453,335.5
2.906385582084021,325.5
2.923088947498297,316.5
2.939792312912573,307.0
2.956495678326849,297.0
2.9731990437411246,287.0
2.9899024091554005,278.0
3.0066057745696764,267.0
3.0233091399839522,258.5
3.040012505398228,248.0
3.056715870812504,239.0
3.07341923622678,229.5
3.0901226016410557,220.0
3.1068259670553315,212.0
3.1235293324696074,204.0
3.1402326978838833,196.0
3.156936063298159,188.5
3.173639428712435,181.5
3.190342794126711,175.0
3.2070461595409867,169.5
3.2237495249552626,164.0
3.2404528903695384,159.5
3.2571562557838143,156.0
3.27385962119809,152.0
3.290562986612366,150.0
3.307266352026642,147.0
3.3239697174409177,146.0
3.3406730828551936,145.5
3.3573764482694695,145.0
3.3740798136837453,145.5
3.390783179098021,146.5
3.407486544512297,149.0
3.424189909926573,152.0
3.4408932753408488,155.0
3.4575966407551246,158.5
3.4743000061694005,163.5
3.4910033715836764,169.0
3.507706736997952,174.0
3.524410102412228,180.0
3.541113467826504,187.0
3.55781683324078,193.5
3.5745201986550557,201.0
3.5912235640693315,209.0
3.6079269294836074,217.5
3.6246302948978832,226.0
3.641333660312159,235.0
3.658037025726435,244.0
3.674740391140711,253.5
3.6914437565549867,262.5
3.7081471219692625,272.5
3.7248504873835384,282.0
3.7415538527978143,291.5
3.75825721821209,301.0
3.774960583626366,309.5
3.791663949040642,319.5
3.8083673144549177,328.5
3.8250706798691936,337.5
3.8417740452834694,345.5
3.8584774106977453,354.0
3.875180776112021,362.5
3.891884141526297,369.5
3.908587506940573,377.0
3.9252908723548487,384.0
3.9419942377691246,390.0
3.9586976031834005,396.5
3.9754009685976763,401.5
3.992104334011952,406.5
4.008807699426228,410.0
4.025511064840504,414.0
4.042214430254781,416.5
4.058917795669057,419.5
4.075621161083333,420.5
4.09232452649761,421.5
4.109027891911886,422.5
4.125731257326162,422.0
4.1424346227404385,421.0
4.159137988154715,420.0
4.175841353568991,417.5
4.192544718983267,414.5
4.209248084397544,411.0
4.22595144981182,407.0
4.242654815226096,402.5
4.259358180640373,397.5
4.276061546054649,391.5
4.292764911468925,385.5
4.3094682768832016,378.0
4.326171642297478,371.0
4.342875007711754,363.5
4.3595783731260305,355.0
4.376281738540307,346.5
4.392985103954583,337.5
4.409688469368859,328.5
4.426391834783136,319.0
4.443095200197412,309.5
4.459798565611688,300.0
4.476501931025965,290.0
4.493205296440241,280.5
4.509908661854517,270.5
4.5266120272687935,260.5
4.54331539268307,252.0
4.560018758097346,242.0
4.576722123511622,232.0
4.593425488925899,224.0
4.610128854340175,215.5
4.626832219754451,207.5
4.643535585168728,199.5
4.660238950583004,192.0
4.67694231599728,184.5
4.693645681411557,179.0
4.710349046825833,173.0
4.727052412240109,167.5
4.7437557776543855,162.5
4.760459143068662,158.5
4.777162508482938,155.0
4.793865873897214,153.0
4.810569239311491,149.5
4.827272604725767,148.5
4.843975970140043,147.5
4.86067933555432,146.5
4.877382700968596,147.5
4.894086066382872,148.0
4.9107894317971486,150.5
4.927492797211425,153.5
4.944196162625701,156.0
4.9608995280399775,159.0
4.977602893454254,163.0
4.99430625886853,169.0
5.011009624282806,174.0
5.027712989697083,179.5
5.044416355111359,186.0
5.061119720525635,193.0
5.077823085939912,199.5
5.094526451354188,208.5
5.111229816768464,215.5
5.1279331821827405,224.0
5.144636547597017,232.5
5.161339913011293,242.0
5.178043278425569,250.5
5.194746643839846,260.0
5.211450009254122,269.5
5.228153374668398,279.0
5.244856740082675,288.5
5.261560105496951,298.0
5.278263470911227,307.0
5.294966836325504,316.5
5.31167020173978,325.5
5.328373567154056,334.5
5.3450769325683325,343.0
5.361780297982609,351.0
5.378483663396885,359.5
5.395187028811161,367.0
5.411890394225438,374.0
5.428593759639714,381.0
5.44529712505399,387.5
5.462000490468267,394.0
5.478703855882543,399.0
5.495407221296819,403.0
5.5121105867110956,407.5
5.528813952125372,411.5
5.545517317539648,415.0
5.5622206829539245,418.0
5.578924048368201,419.5
5.595627413782477,420.5
5.612330779196753,421.5
5.62903414461103,421.0
5.645737510025306,420.5
5.662440875439582,419.5
5.679144240853859,417.0
5.695847606268135,414.5
5.712550971682411,411.5
5.7292543370966875,407.5
5.745957702510964,403.0
5.76266106792524,398.0
5.779364433339516,392.5
5.796067798753793,386.5
5.812771164168069,380.0
5.829474529582345,373.0
5.846177894996622,365.0
5.862881260410898,357.0
5.879584625825174,349.0
5.896287991239451,340.0
5.912991356653727,331.0
5.929694722068003,322.0
5.9463980874822795,312.5
5.963101452896556,303.0
5.979804818310832,292.5
5.996508183725108,283.5
6.013211549139385,274.0
6.029914914553661,264.5
6.046618279967937,255.0
6.063321645382214,246.0
6.08002501079649,237.0
6.096728376210766,228.0
6.1134317416250425,219.0
6.130135107039319,211.0
6.146838472453595,202.5
6.1635418378678715,195.0
6.180245203282148,188.5
6.196948568696424,182.0
6.2136519341107,176.0
6.230355299524977,170.5
6.247058664939253,165.5
6.263762030353529,161.5
6.280465395767806,158.0
6.297168761182082,154.5
6.313872126596358,152.5
6.3305754920106345,151.0
6.347278857424911,149.5
6.363982222839187,149.0
6.380685588253463,150.0
6.39738895366774,150.0
6.414092319082016,151.5
6.430795684496292,154.0
6.447499049910569,157.5
6.464202415324845,160.0
6.480905780739121,164.0
6.497609146153398,169.5
6.514312511567674,174.0
6.53101587698195,179.5
6.5477192423962265,186.0
6.564422607810503,192.5
6.581125973224779,199.5
6.597829338639055,207.0
6.614532704053332,214.5
6.631236069467608,223.0
6.647939434881884,232.0
6.664642800296161,240.5
6.681346165710437,249.5
6.698049531124713,258.5
6.7147528965389895,267.5
6.731456261953266,276.5
6.748159627367542,286.0
6.7648629927818185,296.5
6.781566358196095,305.5
6.798269723610371,314.5
6.814973089024647,323.5
6.831676454438924,332.5
6.8483798198532,341.0
6.865083185267476,349.5
6.881786550681753,357.5
6.898489916096029,365.5
6.915193281510305,373.0
6.9318966469245815,379.5
6.948600012338858,386.5
6.965303377753134,392.0
6.98200674316741,397.0
6.998710108581687,402.0
7.015413473995963,407.0
7.032116839410239,410.5
7.048820204824516,414.5
7.065523570238792,417.0
7.082226935653068,418.5
7.098930301067345,420.5
7.115633666481621,420.5
7.132337031895897,421.5
7.1490403973101735,420.5
7.16574376272445,419.5
7.182447128138726,417.5
7.199150493553002,414.5
7.215853858967279,412.0
7.232557224381555,408.0
7.249260589795831,404.0
7.265963955210108,399.5
7.282667320624384,393.5
7.29937068603866,387.5
7.3160740514529365,381.5
7.332777416867213,374.0
7.349480782281489,367.0
7.3661841476957655,358.5
7.382887513110042,350.5
7.399590878524318,341.5
7.416294243938594,333.5
7.432997609352871,324.0
7.449700974767147,315.0
7.466404340181423,305.0
7.4831077055957,296.0
7.499811071009976,287.0
7.516514436424252,276.5
7.5332178018385285,267.0
7.549921167252805,257.5
7.566624532667081,248.5
7.583327898081357,239.0
7.600031263495634,230.0
7.61673462890991,222.0
7.633437994324186,213.5
7.650141359738463,205.5
7.666844725152739,198.5
7.683548090567015,191.0
7.700251455981292,184.5
7.716954821395568,178.5
7.733658186809844,172.5
7.7503615522241205,168.0
7.767064917638397,163.5
7.783768283052673,160.0
7.800471648466949,156.5
7.817175013881226,154.0
7.833878379295502,153.0
7.850581744709778,150.5
7.867285110124055,150.5
7.883988475538331,150.5
7.900691840952607,151.0
7.9173952063668835,152.5
7.93409857178116,154.5
7.950801937195436,157.5
7.9675053026097125,160.5
7.984208668023989,164.0
8.000912033438265,169.0
8.017615398852541,174.0
8.034318764266818,178.5
8.051022129681094,185.0
8.06772549509537,191.5
8.084428860509647,198.0
8.101132225923923,205.5
8.1178355913382,213.0
8.134538956752476,221.5
8.151242322166752,229.5
8.167945687581028,238.0
8.184649052995304,247.5
8.20135241840958,256.0
8.218055783823857,265.5
8.234759149238133,274.0
8.25146251465241,283.5
8.268165880066686,292.5
8.284869245480962,301.5
8.301572610895239,311.0
8.318275976309515,320.0
8.334979341723791,329.5
8.351682707138067,337.5
8.368386072552344,346.0
8.38508943796662,353.5
8.401792803380896,361.5
8.418496168795173,369.5
8.435199534209449,375.5
8.451902899623725,383.0
8.468606265038002,389.5
8.485309630452278,394.5
8.502012995866554,399.5
8.51871636128083,403.5
8.535419726695107,408.0
8.552123092109383,411.0
8.56882645752366,414.0
8.585529822937936,416.0
8.602233188352212,417.5
8.618936553766488,418.5
8.635639919180765,419.5
8.652343284595041,419.0
8.669046650009317,417.5
8.685750015423594,416.0
8.70245338083787,414.0
8.719156746252146,411.0
8.735860111666423,407.0
8.752563477080699,403.5
8.769266842494975,399.5
8.785970207909251,393.5
8.802673573323528,388.5
8.819376938737804,381.5
8.83608030415208,375.0
8.852783669566357,368.0
8.869487034980633,359.5
8.88619040039491,352.0
8.902893765809186,343.5
8.919597131223462,334.5
8.936300496637738,326.0
8.953003862052014,317.0
8.96970722746629,307.5
8.986410592880567,298.0
9.003113958294843,290.0
9.01981732370912,279.5
9.036520689123396,270.5
9.053224054537672,260.0
9.069927419951949,252.0
9.086630785366225,242.5
9.103334150780501,233.5
9.120037516194778,224.5
9.136740881609054,216.0
9.15344424702333,209.0
9.170147612437606,200.5
9.186850977851883,194.5
9.203554343266159,187.5
9.220257708680435,181.0
9.236961074094712,175.5
9.253664439508988,170.0
9.270367804923264,165.5
9.28707117033754,161.5
9.303774535751817,159.0
9.320477901166093,155.5
9.33718126658037,154.0
9.353884631994646,152.0
9.370587997408922,151.5
9.387291362823198,150.5
9.403994728237475,151.5
9.420698093651751,153.0
9.437401459066027,154.5
9.454104824480304,157.0
9.47080818989458,160.0
9.487511555308856,164.0
9.504214920723133,168.0
9.520918286137409,172.5
9.537621651551685,178.0
9.554325016965961,183.0
9.571028382380238,190.0
9.587731747794514,196.5
9.60443511320879,203.0
9.621138478623067,211.5
9.637841844037343,219.0
9.65454520945162,227.0
9.671248574865896,235.5
9.687951940280172,244.0
9.704655305694448,252.5
9.721358671108725,262.0
9.738062036523,271.5
9.754765401937277,280.0
9.771468767351553,289.5
9.78817213276583,298.5
9.804875498180106,307.0
9.821578863594382,316.5
9.838282229008659,325.5
9.854985594422935,334.0
9.871688959837211,342.0
9.888392325251488,351.0
9.905095690665764,358.0
9.92179905608004,365.5
9.938502421494317,372.0
9.955205786908593,379.0
9.97190915232287,385.0
9.988612517737145,391.0
10.005315883151422,396.0
10.022019248565698,401.0
10.038722613979974,405.5
10.05542597939425,409.0
10.072129344808527,411.5
10.088832710222803,413.5
10.10553607563708,415.5
10.122239441051356,417.0
10.138942806465632,417.0
10.155646171879908,417.0
10.172349537294185,416.0
10.189052902708461,415.0
10.205756268122737,413.0
10.222459633537014,410.0
10.23916299895129,406.5
10.255866364365566,402.5
10.272569729779843,399.0
10.289273095194119,393.5
10.305976460608395,388.0
10.322679826022672,382.0
10.339383191436948,375.5
10.356086556851224,368.5
10.3727899222655,361.5
10.389493287679777,353.5
10.406196653094053,345.5
10.42290001850833,336.5
10.439603383922606,328.5
10.456306749336882,319.5
10.473010114751158,310.0
10.489713480165435,300.0
10.506416845579711,291.0
10.523120210993987,282.0
10.539823576408264,272.5
10.55652694182254,262.5
10.573230307236816,254.0
10.589933672651092,244.0
10.606637038065369,236.5
10.623340403479645,227.0
10.640043768893921,219.0
10.656747134308198,211.0
10.673450499722474,203.5
10.69015386513675,196.0
10.706857230551027,189.5
10.723560595965303,183.0
10.74026396137958,177.5
10.756967326793855,172.0
10.773670692208132,167.5
10.790374057622408,164.0
10.807077423036684,160.0
10.82378078845096,158.0
10.840484153865237,155.5
10.857187519279513,154.0
10.87389088469379,152.5
10.890594250108066,152.5
10.907297615522342,153.0
10.924000980936619,154.5
10.940704346350895,155.0
10.957407711765171,157.5
10.974111077179447,160.5
10.990814442593724,164.0
11.007517808008,167.5
11.024221173422276,173.0
11.040924538836553,178.0
11.057627904250829,183.0
11.074331269665105,189.0
11.091034635079382,195.5
11.107738000493658,202.0
11.124441365907934,210.0
11.14114473132221,217.5
11.157848096736487,226.0
11.174551462150763,234.0
11.19125482756504,242.0
11.207958192979316,251.5
11.224661558393592,260.0
11.241364923807868,269.0
11.258068289222145,278.5
11.274771654636421,287.5
11.291475020050697,296.5
11.308178385464974,305.5
11.32488175087925,314.0
11.341585116293526,323.0
11.358288481707802,332.0
11.374991847122079,339.5
11.391695212536355,348.5
11.408398577950631,355.5
11.425101943364908,363.5
11.441805308779184,370.5
11.45850867419346,377.5
11.475212039607737,383.0
11.491915405022013,389.0
11.50861877043629,394.0
11.525322135850566,398.5
11.542025501264842,403.0
11.558728866679118,406.0
11.575432232093394,410.0
11.59213559750767,412.0
11.608838962921947,414.0
11.625542328336223,415.0
11.6422456937505,416.0
11.658949059164776,415.5
11.675652424579052,416.0
11.692355789993329,414.0
11.709059155407605,412.0
11.725762520821881,410.0
11.742465886236158,407.0
11.759169251650434,403.0
11.77587261706471,399.5
11.792575982478986,394.0
11.809279347893263,388.5
11.825982713307539,382.0
11.842686078721815,377.0
11.859389444136092,370.0
11.876092809550368,363.0
11.892796174964644,355.0
11.90949954037892,347.0
11.926202905793197,338.5
11.942906271207473,330.0
11.95960963662175,321.5
11.976313002036026,311.5
11.993016367450302,303.0
12.009719732864578,293.5
12.026423098278855,284.5
12.043126463693131,275.5
12.059829829107407,265.5
12.076533194521684,256.5
12.09323655993596,248.0
12.109939925350236,239.0
12.126643290764513,231.0
12.143346656178789,222.0
12.160050021593065,214.5
12.176753387007341,207.0
12.193456752421618,200.0
12.210160117835894,192.5
12.22686348325017,186.5
12.243566848664447,180.5
12.260270214078723,175.0
12.276973579493,170.0
12.293676944907276,166.0
12.310380310321552,162.5
12.327083675735828,159.5
12.343787041150104,156.5
12.36049040656438,155.0
12.377193771978657,154.0
12.393897137392933,153.0
12.41060050280721,153.5
12.427303868221486,155.0
12.444007233635762,156.0
12.460710599050039,158.0
12.477413964464315,160.5
12.494117329878591,163.5
12.510820695292868,167.5
12.527524060707144,172.0
12.54422742612142,176.5
12.560930791535696,182.0
12.577634156949973,187.5
12.594337522364249,194.5
12.611040887778525,201.5
12.627744253192802,208.5
12.644447618607078,216.5
12.661150984021354,224.0
12.67785434943563,232.0
12.694557714849907,240.0
12.711261080264183,249.5
12.72796444567846,257.5
12.744667811092736,267.5
12.761371176507012,275.5
12.778074541921288,284.5
12.794777907335565,293.5
12.811481272749841,302.0
12.828184638164117,311.5
12.844888003578394,320.0
12.86159136899267,328.0
12.878294734406946,337.0
12.894998099821223,345.5
12.911701465235499,353.0
12.928404830649775,360.0
12.945108196064051,367.0
12.961811561478328,374.5
12.978514926892604,380.5
12.99521829230688,386.5
13.011921657721157,391.5
13.028625023135433,396.0
13.04532838854971,401.5
13.062031753963986,404.5
13.078735119378262,408.0
13.095438484792538,410.5
13.112141850206815,413.0
13.12884521562109,414.0
13.145548581035367,414.5
13.162251946449643,415.0
13.17895531186392,414.5
13.195658677278196,413.5
13.212362042692472,412.0
13.229065408106749,409.5
13.245768773521025,407.0
13.262472138935301,403.5
13.279175504349578,399.5
13.295878869763854,394.5
13.31258223517813,390.0
13.329285600592407,383.5
13.345988966006683,377.5
13.36269233142096,371.5
13.379395696835235,363.5
13.396099062249512,357.0
13.412802427663788,349.0
13.429505793078064,340.5
13.44620915849234,332.0
13.462912523906617,324.0
13.479615889320893,314.5
13.49631925473517,305.5
13.513022620149446,297.0
13.529725985563722,287.0
13.546429350977998,277.5
13.563132716392275,268.5
13.579836081806551,260.0
13.596539447220827,251.0
13.613242812635104,242.5
13.62994617804938,233.5
13.646649543463656,225.0
13.663352908877933,216.5
13.680056274292209,209.0
13.696759639706485,201.5
13.713463005120762,195.0
13.730166370535038,189.0
13.746869735949314,183.0
13.76357310136359,177.5
13.780276466777867,173.5
13.796979832192143,169.0
13.81368319760642,164.5
13.830386563020696,161.5
13.847089928434972,159.0
13.863793293849248,157.0
13.880496659263525,155.5
13.897200024677801,155.0
13.913903390092077,155.0
13.930606755506354,155.5
13.94731012092063,156.5
13.964013486334906,158.5
13.980716851749182,161.5
13.997420217163459,164.0
14.014123582577735,168.0
14.030826947992011,172.0
14.047530313406288,177.0
14.064233678820564,182.0
14.08093704423484,187.5
14.097640409649117,194.0
14.114343775063393,201.0
14.13104714047767,207.0
14.147750505891945,215.0
14.164453871306222,222.0
14.181157236720498,230.0
14.197860602134774,238.5
14.21456396754905,247.5
14.231267332963327,256.0
14.247970698377603,264.5
14.26467406379188,274.0
14.281377429206156,282.5
14.298080794620432,291.5
14.314784160034709,301.0
14.331487525448985,309.5
14.348190890863261,317.5
14.364894256277537,326.0
14.381597621691814,334.5
14.39830098710609,342.5
14.415004352520366,350.0
14.431707717934643,358.0
14.448411083348919,365.0
14.465114448763195,371.5
14.481817814177472,378.0
14.498521179591748,383.0
14.515224545006024,389.0
14.5319279104203,394.5
14.548631275834577,398.5
14.565334641248853,402.5
14.58203800666313,405.5
14.598741372077406,408.5
14.615444737491682,410.5
14.632148102905958,412.5
14.648851468320235,413.5
14.665554833734511,414.0
14.682258199148787,413.5
14.698961564563064,412.5
14.71566492997734,411.0
14.732368295391616,408.5
14.749071660805892,406.0
14.765775026220169,403.0
14.782478391634445,399.5
14.799181757048721,395.0
14.815885122462998,389.5
14.832588487877274,384.0
14.84929185329155,378.0
14.865995218705827,371.0
14.882698584120103,364.5
14.89940194953438,358.0
14.916105314948656,350.5
14.932808680362932,341.5
14.949512045777208,333.0
14.966215411191484,324.5
14.98291877660576,316.5
14.999622142020037,307.0
15.016325507434313,298.5
15.03302887284859,289.0
15.049732238262866,279.0
15.066435603677142,271.0
15.083138969091419,262.0
15.099842334505695,252.5
15.116545699919971,245.0
15.133249065334248,235.5
15.149952430748524,227.5
15.1666557961628,219.0
15.183359161577076,212.0
15.200062526991353,204.0
15.216765892405629,197.0
15.233469257819905,191.0
15.250172623234182,184.5
15.266875988648458,179.5
15.283579354062734,174.5
15.30028271947701,170.0
15.316986084891287,166.5
15.333689450305563,162.0
15.35039281571984,160.0
15.367096181134116,158.0
15.383799546548392,156.5
15.400502911962668,155.5
15.417206277376945,155.5
15.433909642791221,155.5
15.450613008205497,156.5
15.467316373619774,158.5
15.48401973903405,160.5
15.500723104448326,164.0
15.517426469862603,167.5
15.534129835276879,171.0
15.550833200691155,175.5
15.567536566105431,181.0
15.584239931519708,186.0
15.600943296933984,192.0
15.61764666234826,198.5
15.634350027762537,205.5
15.651053393176813,213.0
15.66775675859109,220.0
15.684460124005366,228.0
15.701163489419642,236.5
15.717866854833918,244.5
15.734570220248195,253.0
15.75127358566247,261.5
15.767976951076747,270.5
15.784680316491023,279.5
15.8013836819053,288.0
15.818087047319576,296.5
15.834790412733852,306.0
15.851493778148129,314.5
15.868197143562405,323.5
15.884900508976681,331.0
15.901603874390958,339.5
15.918307239805234,347.5
15.93501060521951,355.0
15.951713970633786,362.5
15.968417336048063,369.0
15.985120701462339,375.5
16.001824066876615,382.0
16.01852743229089,387.0
16.035230797705168,391.5
16.051934163119444,396.5
16.06863752853372,401.0
16.085340893947997,404.0
16.102044259362273,407.0
16.11874762477655,409.5
16.135450990190826,411.5
16.152154355605102,412.5
16.16885772101938,412.5
16.185561086433655,412.5
16.20226445184793,412.0
16.218967817262207,410.5
16.235671182676484,409.0
16.25237454809076,407.0
16.269077913505036,403.5
16.285781278919313,399.0
16.30248464433359,395.0
16.319188009747865,390.5
16.33589137516214,385.0
16.352594740576418,379.5
16.369298105990694,373.0
16.38600147140497,366.0
16.402704836819247,359.5
16.419408202233523,352.0
16.4361115676478,344.0
16.452814933062076,336.0
16.469518298476352,327.5
16.48622166389063,318.5
16.502925029304905,309.5
16.51962839471918,301.0
16.536331760133457,292.0
16.553035125547733,283.0
16.56973849096201,274.0
16.586441856376286,265.0
16.603145221790562,256.0
16.61984858720484,247.5
16.636551952619115,239.0
16.65325531803339,230.5
16.669958683447668,222.5
16.686662048861944,215.5
16.70336541427622,207.5
16.720068779690497,200.5
16.736772145104773,194.0
16.75347551051905,188.5
16.770178875933325,182.0
16.7868822413476,178.0
16.803585606761878,173.0
16.820288972176154,169.0
16.83699233759043,165.5
16.853695703004707,162.5
16.870399068418983,161.0
16.88710243383326,159.0
16.903805799247536,158.5
16.920509164661812,157.5
16.93721253007609,158.0
16.953915895490365,158.5
16.97061926090464,160.5
16.987322626318917,162.5
17.004025991733194,165.0
17.02072935714747,169.0
17.037432722561746,172.5
17.054136087976023,176.5
17.0708394533903,181.5
17.087542818804575,187.0
17.10424618421885,192.5
17.120949549633128,198.0
17.137652915047404,205.0
17.15435628046168,212.0
17.171059645875957,220.0
17.187763011290233,227.5
17.20446637670451,236.0
17.221169742118786,243.0
17.237873107533062,253.0
17.25457647294734,260.5
17.271279838361615,269.5
17.28798320377589,278.0
17.304686569190167,286.5
17.321389934604444,295.5
17.33809330001872,303.5
17.354796665432996,312.5
17.371500030847272,321.0
17.38820339626155,329.5
17.404906761675825,337.5
17.4216101270901,345.0
17.438313492504378,353.5
17.455016857918654,359.5
17.47172022333293,366.5
17.488423588747207,374.0
17.505126954161483,379.0
17.52183031957576,384.5
17.538533684990036,390.0
17.555237050404312,394.5
17.571940415818588,399.0
17.588643781232864,402.5
17.60534714664714,405.5
17.622050512061417,408.5
17.638753877475693,409.5
17.65545724288997,410.5
17.672160608304246,412.0
17.688863973718522,412.5
17.7055673391328,411.5
17.722270704547075,410.5
17.73897406996135,408.5
17.755677435375627,406.0
17.772380800789904,404.0
17.78908416620418,400.0
17.805787531618456,396.5
17.822490897032733,391.5
17.83919426244701,385.5
17.855897627861285,381.0
17.87260099327556,374.0
17.889304358689838,368.0
17.906007724104114,360.5
17.92271108951839,353.5
17.939414454932667,346.5
17.956117820346943,337.5
17.97282118576122,330.0
17.989524551175496,321.5
18.006227916589772,312.5
18.02293128200405,304.0
18.039634647418325,294.5
18.0563380128326,285.5
18.073041378246877,277.5
18.089744743661154,268.5
18.10644810907543,259.5
18.123151474489706,250.5
18.139854839903983,242.5
18.15655820531826,233.5
18.173261570732535,226.0
18.18996493614681,218.0
18.206668301561088,211.0
18.223371666975364,204.0
18.24007503238964,197.5
18.256778397803917,191.5
18.273481763218193,185.5
18.29018512863247,180.5
18.306888494046746,175.5
18.323591859461022,172.0
18.340295224875298,168.5
18.356998590289574,165.5
18.37370195570385,163.5
18.390405321118127,161.5
18.407108686532403,160.0
18.42381205194668,160.0
18.440515417360956,159.5
18.457218782775232,160.0
18.47392214818951,161.5
18.490625513603785,163.5
18.50732887901806,166.5
18.524032244432338,169.0
18.540735609846614,172.5
18.55743897526089,177.0
18.574142340675166,181.0
18.590845706089443,186.5
18.60754907150372,191.5
18.624252436917995,197.5
18.64095580233227,203.5
18.657659167746548,210.5
18.674362533160824,218.0
18.6910658985751,226.0
18.707769263989377,233.5
18.724472629403653,241.5
18.74117599481793,250.0
18.757879360232206,259.0
18.774582725646482,267.0
18.79128609106076,275.5
18.807989456475035,284.0
18.82469282188931,293.0
18.841396187303587,301.5
18.858099552717864,310.0
18.87480291813214,318.5
18.891506283546416,327.0
18.908209648960693,335.5
18.92491301437497,342.5
18.941616379789245,350.5
18.95831974520352,357.5
18.975023110617798,364.5
18.991726476032074,371.0
19.00842984144635,377.0
19.025133206860627,382.5
19.041836572274903,389.0
19.05853993768918,392.5
19.075243303103456,397.5
19.091946668517732,400.0
19.10865003393201,404.0
19.125353399346285,406.5
19.14205676476056,408.5
19.158760130174837,410.0
19.175463495589113,410.5
19.19216686100339,411.0
19.208870226417666,410.5
19.225573591831942,409.5
19.24227695724622,408.0
19.258980322660495,406.0
19.27568368807477,403.5
19.292387053489048,399.5
19.309090418903324,396.0
19.3257937843176,391.0
19.342497149731877,387.0
19.359200515146153,381.5
19.37590388056043,375.0
19.392607245974705,368.5
19.40931061138898,362.5
19.426013976803258,354.5
19.442717342217534,347.0
19.45942070763181,338.5
19.476124073046087,331.5
19.492827438460363,323.0
19.50953080387464,314.0
19.526234169288916,305.0
19.542937534703192,297.0
19.55964090011747,287.5
19.576344265531745,279.0
19.59304763094602,270.0
19.609750996360297,261.5
19.626454361774574,252.5
19.64315772718885,243.5
19.659861092603126,236.5
19.676564458017403,228.0
19.69326782343168,220.5
19.709971188845955,213.0
19.72667455426023,206.0
19.743377919674508,199.5
19.760081285088784,193.0
19.77678465050306,187.5
19.793488015917337,182.0
19.810191381331613,177.0
19.82689474674589,173.5
19.843598112160166,170.0
19.860301477574442,167.0
19.87700484298872,164.5
19.893708208402995,162.5
19.91041157381727,161.5
19.927114939231547,160.5
19.943818304645824,160.5
19.9605216700601,161.0
19.977225035474376,162.0
19.993928400888652,164.0
20.01063176630293,166.5
20.027335131717205,169.5
20.04403849713148,172.5
20.060741862545758,176.5
20.077445227960034,181.0
20.09414859337431,186.0
20.110851958788587,191.5
20.127555324202863,197.5
20.14425868961714,203.5
20.160962055031415,210.0
20.177665420445692,217.5
20.194368785859968,225.0
20.211072151274244,232.0
20.22777551668852,241.0
20.244478882102797,248.5
20.261182247517073,257.0
20.27788561293135,265.0
20.294588978345626,274.0
20.311292343759902,282.5
20.32799570917418,290.5
20.344699074588455,300.5
20.36140244000273,308.0
20.378105805417007,317.0
20.394809170831284,324.5
20.41151253624556,333.0
20.428215901659836,341.0
20.444919267074113,348.5
20.46162263248839,355.5
20.478325997902665,363.0
20.49502936331694,369.5
20.511732728731218,375.5
20.528436094145494,381.5
20.54513945955977,386.0
20.561842824974047,391.0
20.578546190388323,395.0
20.5952495558026,399.5
20.611952921216876,402.5
20.628656286631152,405.5
20.64535965204543,408.0
20.662063017459705,409.0
20.67876638287398,410.5
20.695469748288257,410.5
20.712173113702534,410.5
20.72887647911681,410.0
20.745579844531086,408.0
20.762283209945362,406.0
20.77898657535964,403.5
20.795689940773915,400.0
20.81239330618819,397.5
20.829096671602468,392.0
20.845800037016744,387.5
20.86250340243102,382.0
20.879206767845297,376.5
20.895910133259573,370.0
20.91261349867385,364.0
20.929316864088126,356.0
20.946020229502402,349.0
20.962723594916678,341.0
20.979426960330954,333.0
20.99613032574523,325.0
21.012833691159507,317.0
21.029537056573783,308.0
21.04624042198806,299.0
21.062943787402336,291.0
21.079647152816612,281.5
21.09635051823089,273.0
21.113053883645165,264.5
21.12975724905944,255.0
21.146460614473717,247.5
21.163163979887994,238.5
21.17986734530227,231.0
21.196570710716546,223.0
21.213274076130823,216.0
21.2299774415451,208.5
21.246680806959375,202.5
21.26338417237365,195.5
21.280087537787928,190.5
21.296790903202204,184.0
21.31349426861648,180.0
21.330197634030757,175.5
21.346900999445033,171.5
21.36360436485931,169.0
21.380307730273586,166.5
21.397011095687862,165.0
21.41371446110214,163.0
21.430417826516415,162.0
21.44712119193069,161.5
21.463824557344967,162.5
21.480527922759244,162.5
21.49723128817352,165.0
21.513934653587796,167.0
21.530638019002073,170.0
21.54734138441635,174.0
21.564044749830625,176.5
21.5807481152449,181.0
21.597451480659178,185.5
21.614154846073454,191.5
21.63085821148773,196.5
21.647561576902007,203.0
21.664264942316283,210.0
21.68096830773056,217.0
21.697671673144836,223.5
21.714375038559112,231.0
21.731078403973388,239.0
21.747781769387664,247.5
21.76448513480194,256.0
21.781188500216217,263.5
21.797891865630493,272.5
21.81459523104477,281.0
21.831298596459046,289.0
21.848001961873322,297.5
21.8647053272876,306.0
21.881408692701875,314.5
21.89811205811615,323.0
21.914815423530428,330.0
21.931518788944704,338.5
21.94822215435898,346.0
21.964925519773256,353.5
21.981628885187533,361.0
21.99833225060181,367.5
22.015035616016085,373.0
22.03173898143036,379.0
22.048442346844638,384.0
22.065145712258914,390.0
22.08184907767319,394.0
22.098552443087467,397.5
22.115255808501743,401.0
22.13195917391602,404.0
22.148662539330296,406.0
22.165365904744572,408.0
22.18206927015885,408.5
22.198772635573125,409.5
22.2154760009874,409.0
22.232179366401677,408.5
22.248882731815954,407.5
22.26558609723023,405.5
22.282289462644506,403.0
22.298992828058783,400.0
22.31569619347306,396.5
22.332399558887335,392.0
22.34910292430161,388.0
22.365806289715888,382.5
22.382509655130164,377.0
22.39921302054444,370.5
22.415916385958717,365.0
22.432619751372993,357.0
22.44932311678727,351.0
22.466026482201546,343.0
22.482729847615822,335.0
22.4994332130301,326.0
22.516136578444375,319.0
22.53283994385865,310.0
22.549543309272927,301.0
22.566246674687203,292.0
22.58295004010148,284.0
22.599653405515756,275.5
22.616356770930032,266.5
22.63306013634431,258.0
22.649763501758585,249.5
22.66646686717286,240.5
22.683170232587138,233.5
22.699873598001414,226.0
22.71657696341569,218.0
22.733280328829967,211.0
22.749983694244243,204.5
22.76668705965852,197.5
22.783390425072795,192.5
22.80009379048707,187.0
22.816797155901348,182.0
22.833500521315624,177.5
22.8502038867299,173.0
22.866907252144177,170.5
22.883610617558453,168.0
22.90031398297273,165.5
22.917017348387006,164.5
22.933720713801282,162.5
22.95042407921556,162.5
22.967127444629835,162.5
22.98383081004411,163.5
23.000534175458387,165.0
23.017237540872664,167.0
23.03394090628694,169.5
23.050644271701216,173.0
23.067347637115493,176.5
23.08405100252977,181.0
23.100754367944045,185.0
23.11745773335832,190.5
23.134161098772598,196.5
23.150864464186874,202.0
23.16756782960115,208.5
23.184271195015427,215.5
23.200974560429703,222.5
23.21767792584398,229.5
23.234381291258256,237.0
23.251084656672532,245.5
23.26778802208681,253.0
23.284491387501085,261.0
23.30119475291536,270.0
23.317898118329637,278.5
23.334601483743914,287.0
23.35130484915819,295.5
23.368008214572466,303.5
23.384711579986742,312.0
23.40141494540102,319.0
23.418118310815295,327.5
23.43482167622957,336.0
23.451525041643848,343.0
23.468228407058124,350.5
23.4849317724724,357.5
23.501635137886677,364.0
23.518338503300953,370.0
23.53504186871523,377.0
23.551745234129505,381.5
23.568448599543782,387.0
23.585151964958058,391.5
23.601855330372334,395.5
23.61855869578661,399.0
23.635262061200887,401.5
23.651965426615163,404.0
23.66866879202944,406.0
23.685372157443716,407.5
23.702075522857992,408.0
23.71877888827227,408.0
23.735482253686545,407.5
23.75218561910082,406.5
23.768888984515097,404.5
23.785592349929374,402.5
23.80229571534365,399.5
23.818999080757926,395.5
23.835702446172203,392.0
23.85240581158648,387.5
23.869109177000755,382.0
23.88581254241503,377.5
23.902515907829308,371.5
23.919219273243584,365.5
23.93592263865786,358.0
23.952626004072137,351.0
23.969329369486413,343.5
23.98603273490069,336.0
24.002736100314966,327.5
24.019439465729242,319.5
24.03614283114352,311.5
24.052846196557795,302.0
24.06954956197207,294.5
24.086252927386347,285.5
24.102956292800624,276.5
24.1196596582149,268.0
24.136363023629176,260.0
24.153066389043452,251.5
24.16976975445773,243.5
24.186473119872005,236.0
24.20317648528628,227.5
24.219879850700558,220.5
24.236583216114834,213.0
24.25328658152911,206.0
24.269989946943387,199.5
24.286693312357663,194.5
24.30339667777194,188.5
24.320100043186216,184.0
24.336803408600492,179.5
24.353506774014768,175.5
24.370210139429044,172.0
24.38691350484332,169.5
24.403616870257597,166.5
24.420320235671873,165.0
24.43702360108615,164.5
24.453726966500426,164.5
24.470430331914702,164.5
24.48713369732898,164.5
24.503837062743255,165.5
24.52054042815753,167.0
24.537243793571808,170.0
24.553947158986084,173.0
24.57065052440036,176.5
24.587353889814636,181.0
24.604057255228913,185.0
24.62076062064319,190.0
24.637463986057465,195.0
24.65416735147174,201.5
24.670870716886018,208.0
24.687574082300294,214.0
24.70427744771457,221.0
24.720980813128847,228.0
24.737684178543123,235.5
24.7543875439574,243.5
24.771090909371676,251.5
24.787794274785952,260.0
24.80449764020023,268.5
24.821201005614505,276.0
24.83790437102878,284.5
24.854607736443057,292.0
24.871311101857334,301.5
24.88801446727161,310.0
24.904717832685886,317.5
24.921421198100163,325.5
24.93812456351444,333.0
24.954827928928715,341.0
24.97153129434299,348.0
24.988234659757268,355.5
25.004938025171544,362.0
25.02164139058582,368.5
25.038344756000097,374.0
25.055048121414373,380.0
25.07175148682865,384.0
25.088454852242926,388.5
25.105158217657202,393.0
25.121861583071478,396.5
25.138564948485755,399.5
25.15526831390003,402.0
25.171971679314307,404.5
25.188675044728583,405.5
25.20537841014286,406.5
25.222081775557136,406.5
25.238785140971412,406.5
25.25548850638569,405.5
25.272191871799965,403.5
25.28889523721424,401.5
25.305598602628518,399.0
25.322301968042794,396.0
25.33900533345707,391.0
25.355708698871346,387.5
25.372412064285623,382.5
25.3891154296999,377.5
25.405818795114175,372.0
25.42252216052845,365.0
25.439225525942728,358.5
25.455928891357004,351.5
25.47263225677128,344.5
25.489335622185557,336.5
25.506038987599833,328.5
25.52274235301411,321.0
25.539445718428386,312.5
25.556149083842662,304.5
25.57285244925694,295.5
25.589555814671215,287.5
25.60625918008549,278.5
25.622962545499767,270.5
25.639665910914044,261.5
25.65636927632832,254.0
25.673072641742596,246.0
25.689776007156873,238.0
25.70647937257115,231.0
25.723182737985425,223.0
25.7398861033997,216.0
25.756589468813978,208.5
25.773292834228254,202.5
25.78999619964253,196.5
25.806699565056807,191.0
25.823402930471083,186.5
25.84010629588536,181.0
25.856809661299636,177.5
25.873513026713912,174.0
25.89021639212819,170.5
25.906919757542465,169.5
25.92362312295674,167.5
25.940326488371017,166.0
25.957029853785293,165.5
25.97373321919957,165.5
25.990436584613846,166.0
26.007139950028122,167.0
26.0238433154424,168.5
26.040546680856675,171.0
26.05725004627095,173.5
26.073953411685228,177.0
26.090656777099504,181.0
26.10736014251378,184.5
26.124063507928057,189.5
26.140766873342333,195.0
26.15747023875661,200.5
26.174173604170885,207.0
26.19087696958516,213.0
26.207580334999438,220.0
26.224283700413714,227.5
26.24098706582799,234.0
26.257690431242267,242.0
26.274393796656543,250.0
26.29109716207082,257.5
26.307800527485096,266.5
26.324503892899372,274.0
26.34120725831365,282.0
26.357910623727925,291.0
26.3746139891422,299.0
26.391317354556477,307.0
26.408020719970754,314.5
26.42472408538503,323.5
26.441427450799306,330.5
26.458130816213583,338.5
26.47483418162786,345.5
26.491537547042135,352.5
26.50824091245641,359.0
26.524944277870688,365.5
26.541647643284964,372.0
26.55835100869924,377.5
26.575054374113517,382.0
26.591757739527793,387.0
26.60846110494207,391.5
26.625164470356346,395.0
26.641867835770622,398.0
26.6585712011849,400.5
26.675274566599175,402.0
26.69197793201345,403.5
26.708681297427727,405.0
26.725384662842004,405.0
26.74208802825628,404.5
26.758791393670556,404.0
26.775494759084832,402.5
26.79219812449911,400.5
26.808901489913385,398.0
26.82560485532766,395.0
26.842308220741938,391.0
26.859011586156214,387.5
26.87571495157049,382.5
26.892418316984767,378.0
26.909121682399043,372.0
26.92582504781332,366.0
26.942528413227596,359.5
26.959231778641872,353.0
26.975935144056148,346.5
26.992638509470424,338.5
27.0093418748847,331.0
27.026045240298977,323.5
27.042748605713253,314.0
27.05945197112753,306.0
27.076155336541806,298.0
27.092858701956082,289.0
27.10956206737036,281.0
27.126265432784635,272.0
27.14296879819891,263.5
27.159672163613187,256.0
27.176375529027464,247.5
27.19307889444174,240.0
27.209782259856016,232.5
27.226485625270293,225.0
27.24318899068457,217.5
27.259892356098845,211.0
27.27659572151312,204.0
27.293299086927398,198.5
27.310002452341674,193.0
27.32670581775595,188.0
27.343409183170227,182.5
27.360112548584503,179.0
27.37681591399878,175.5
27.393519279413056,172.0
27.410222644827332,170.5
27.42692601024161,168.5
27.443629375655885,166.5
27.46033274107016,166.0
27.477036106484437,166.0
27.493739471898714,166.5
27.51044283731299,167.0
27.527146202727266,169.0
27.543849568141543,171.0
27.56055293355582,173.5
27.577256298970095,176.5
27.59395966438437,180.0
27.610663029798648,184.0
27.627366395212924,188.5
27.6440697606272,194.0
27.660773126041477,200.5
27.677476491455753,205.5
27.69417985687003,212.0
27.710883222284306,218.5
27.727586587698582,226.0
27.744289953112858,233.0
27.760993318527134,241.0
27.77769668394141,248.0
27.794400049355687,256.0
27.811103414769963,264.0
27.82780678018424,272.5
27.844510145598516,281.0
27.861213511012792,289.0
27.87791687642707,297.0
27.894620241841345,305.0
27.91132360725562,313.0
27.928026972669898,321.0
27.944730338084174,329.0
27.96143370349845,336.5
27.978137068912726,343.5
27.994840434327003,350.5
28.01154379974128,357.5
28.028247165155555,363.5
28.04495053056983,369.5
28.061653895984108,375.0
28.078357261398384,380.5
28.09506062681266,385.0
28.111763992226937,389.0
28.128467357641213,393.0
28.14517072305549,396.0
28.161874088469766,398.5
28.178577453884042,400.5
28.19528081929832,402.0
28.211984184712595,403.0
28.22868755012687,404.5
28.245390915541147,403.5
28.262094280955424,403.5
28.2787976463697,402.0
28.295501011783976,400.0
28.312204377198253,397.5
28.32890774261253,395.0
28.345611108026805,391.0
28.36231447344108,387.5
28.379017838855358,382.5
28.395721204269634,377.5
28.41242456968391,372.5
28.429127935098187,367.0
28.445831300512463,360.0
28.46253466592674,354.0
28.479238031341016,346.5
28.495941396755292,339.5
28.51264476216957,331.5
28.529348127583845,324.0
28.54605149299812,316.0
28.562754858412397,307.5
28.579458223826673,299.5
28.59616158924095,291.0
28.612864954655226,282.5
28.629568320069502,274.0
28.64627168548378,265.5
28.662975050898055,257.5
28.67967841631233,249.0
28.696381781726608,241.5
28.713085147140884,234.0
28.72978851255516,226.5
28.746491877969437,219.5
28.763195243383713,213.5
28.77989860879799,206.0
28.796601974212265,200.5
28.81330533962654,195.0
28.830008705040818,189.0
28.846712070455094,185.0
28.86341543586937,181.0
28.880118801283647,177.5
28.896822166697923,174.5
28.9135255321122,171.0
28.930228897526476,169.5
28.946932262940752,167.0
28.96363562835503,166.5
28.980338993769305,166.5
28.99704235918358,166.5
29.013745724597857,168.0
29.030449090012134,169.0
29.04715245542641,171.0
29.063855820840686,173.5
29.080559186254963,176.0
29.09726255166924,180.5
29.113965917083515,184.0
29.13066928249779,188.5
29.147372647912068,193.5
29.164076013326344,198.5
29.18077937874062,205.0
29.197482744154897,210.5
29.214186109569173,218.0
29.23088947498345,224.5
29.247592840397726,231.5
29.264296205812002,238.5
29.28099957122628,246.0
29.297702936640555,254.0
29.31440630205483,262.0
29.331109667469107,270.0
29.347813032883383,278.0
29.36451639829766,286.0
29.381219763711936,294.5
29.397923129126212,303.0
29.41462649454049,311.0
29.431329859954765,318.0
29.44803322536904,326.0
29.464736590783318,334.0
29.481439956197594,341.0
29.49814332161187,348.0
29.514846687026147,354.0
29.531550052440423,361.5
29.5482534178547,367.0
29.564956783268975,372.5
29.581660148683252,378.0
29.598363514097528,382.5
29.615066879511804,387.5
29.63177024492608,391.0
29.648473610340357,394.0
29.665176975754633,396.5
29.68188034116891,399.0
29.698583706583186,401.5
29.715287071997462,402.0
29.73199043741174,402.0
29.748693802826015,402.5
29.76539716824029,402.0
29.782100533654567,401.0
29.798803899068844,398.5
29.81550726448312,397.0
29.832210629897396,394.0
29.848913995311673,390.5
29.86561736072595,387.0
29.882320726140225,382.5
29.8990240915545,377.5
29.915727456968778,372.0
29.932430822383054,366.5
29.94913418779733,360.0
29.965837553211607,354.5
29.982540918625883,347.0
29.99924428404016,339.5
30.015947649454436,332.0
30.032651014868712,325.0
30.04935438028299,316.5
30.066057745697265,308.5
30.08276111111154,300.5
30.099464476525817,292.0
30.116167841940094,284.0
30.13287120735437,275.5
30.149574572768646,267.5
30.166277938182922,259.5
30.1829813035972,251.5
30.199684669011475,243.0
30.21638803442575,235.0
30.233091399840028,228.0
30.249794765254304,221.5
30.26649813066858,214.0
30.283201496082857,208.0
30.299904861497133,201.5
30.31660822691141,196.5
30.333311592325686,191.0
30.350014957739962,186.5
30.366718323154238,182.0
30.383421688568514,178.0
30.40012505398279,174.5
30.416828419397067,173.5
30.433531784811343,170.5
30.45023515022562,169.0
30.466938515639896,168.0
30.483641881054172,167.0
30.50034524646845,168.0
30.517048611882725,168.5
30.533751977297,170.5
30.550455342711277,172.0
30.567158708125554,174.5
30.58386207353983,177.0
30.600565438954106,180.0
30.617268804368383,184.5
30.63397216978266,188.0
30.650675535196935,193.0
30.66737890061121,198.5
30.684082266025488,204.0
30.700785631439764,210.0
30.71748899685404,217.0
30.734192362268317,224.0
30.750895727682593,230.5
30.76759909309687,237.5
30.784302458511146,245.5
30.801005823925422,253.5
30.8177091893397,260.5
30.834412554753975,269.0
30.85111592016825,276.5
30.867819285582527,285.0
30.884522650996804,293.0
30.90122601641108,301.0
30.917929381825356,309.0
30.934632747239633,316.5
30.95133611265391,324.5
30.968039478068185,331.5
30.98474284348246,338.5
31.001446208896738,346.0
31.018149574311014,352.5
31.03485293972529,359.0
31.051556305139567,365.0
31.068259670553843,370.5
31.08496303596812,375.5
31.101666401382396,380.5
31.118369766796672,385.5
31.135073132210948,389.5
31.151776497625224,392.5
31.1684798630395,395.0
31.185183228453777,397.0
31.201886593868053,399.0
31.21858995928233,400.5
31.235293324696606,401.5
31.251996690110882,401.5
31.26870005552516,401.0
31.285403420939435,399.5
31.30210678635371,398.0
31.318810151767988,396.0
31.335513517182264,393.5
31.35221688259654,390.0
31.368920248010816,387.0
31.385623613425093,382.0
31.40232697883937,377.5
31.419030344253645,373.0
31.43573370966792,366.5
31.452437075082198,360.5
31.469140440496474,354.5
31.48584380591075,348.0
31.502547171325027,340.5
31.519250536739303,333.5
31.53595390215358,326.0
31.552657267567856,318.0
31.569360632982132,310.0
31.58606399839641,302.0
31.602767363810685,293.5
31.61947072922496,286.0
31.636174094639237,277.5
31.652877460053514,269.0
31.66958082546779,261.5
31.686284190882066,253.5
31.702987556296343,245.5
31.71969092171062,238.0
31.736394287124895,230.5
31.75309765253917,223.0
31.769801017953448,216.5
31.786504383367724,210.5
31.803207748782,204.5
31.819911114196277,198.5
31.836614479610553,193.5
31.85331784502483,188.5
31.870021210439106,184.5
31.886724575853382,181.0
31.90342794126766,177.5
31.920131306681935,174.5
31.93683467209621,172.0
31.953538037510487,170.0
31.970241402924763,169.0
31.98694476833904,169.0
32.003648133753316,169.0
32.02035149916759,169.0
32.03705486458186,170.5
32.053758229996134,172.5
32.07046159541041,175.0
32.08716496082468,177.5
32.10386832623895,180.5
32.120571691653225,184.5
32.1372750570675,188.5
32.15397842248177,193.5
32.170681787896044,198.5
32.187385153310316,203.5
32.20408851872459,209.5
32.22079188413886,216.0
32.237495249553135,223.0
32.25419861496741,230.0
32.27090198038168,236.5
32.28760534579595,244.0
32.304308711210226,252.0
32.3210120766245,259.0
32.33771544203877,267.0
32.354418807453044,275.5
32.37112217286732,283.0
32.38782553828159,291.5
32.40452890369586,298.5
32.421232269110135,307.0
32.43793563452441,315.0
32.45463899993868,322.5
32.47134236535295,330.0
32.488045730767226,337.5
32.5047490961815,344.0
32.52145246159577,351.0
32.538155827010044,357.5
32.55485919242432,363.5
32.57156255783859,369.0
32.58826592325286,374.5
32.604969288667135,379.0
32.62167265408141,383.0
32.63837601949568,387.0
32.65507938490995,391.0
32.671782750324226,393.5
32.6884861157385,396.5
32.70518948115277,398.5
32.721892846567044,399.5
32.73859621198132,400.0
32.75529957739559,401.0
32.77200294280986,400.5
32.788706308224135,399.5
32.80540967363841,398.0
32.82211303905268,396.0
32.838816404466954,393.5
32.85551976988123,391.0
32.8722231352955,387.0
32.88892650070977,382.5
32.905629866124045,378.0
32.92233323153832,373.5
32.93903659695259,368.0
32.95573996236686,361.5
32.972443327781136,355.5
32.98914669319541,348.5
33.00585005860968,342.5
33.022553424023954,335.0
33.03925678943823,327.5
33.0559601548525,320.0
33.07266352026677,312.5
33.089366885681045,304.0
33.10607025109532,296.5
33.12277361650959,288.5
33.13947698192386,280.0
33.156180347338136,271.5
33.17288371275241,263.5
33.18958707816668,256.0
33.206290443580954,247.5
33.22299380899523,240.5
33.2396971744095,233.5
33.25640053982377,226.0
33.273103905238045,218.5
33.28980727065232,213.5
33.30651063606659,206.0
33.32321400148086,200.5
33.339917366895136,195.5
33.35662073230941,190.5
33.37332409772368,186.5
33.390027463137955,183.0
33.40673082855223,179.5
33.4234341939665,176.5
33.44013755938077,175.0
33.456840924795046,172.5
33.47354429020932,171.0
33.49024765562359,171.0
33.506951021037864,171.0
33.52365438645214,170.5
33.54035775186641,172.0
33.55706111728068,173.5
33.573764482694955,176.0
33.59046784810923,178.5
33.6071712135235,181.5
33.62387457893777,185.5
33.640577944352046,189.0
33.65728130976632,194.0
33.67398467518059,198.5
33.690688040594864,204.0
33.70739140600914,210.0
33.72409477142341,216.5
33.74079813683768,222.5
33.757501502251955,229.0
33.77420486766623,236.0
33.7909082330805,243.5
33.80761159849477,250.5
33.824314963909046,258.0
33.84101832932332,266.0
33.85772169473759,274.0
33.874425060151864,282.0
33.89112842556614,289.5
33.90783179098041,298.0
33.92453515639468,305.5
33.941238521808955,313.5
33.95794188722323,321.0
33.9746452526375,328.5
33.991348618051774,335.0
34.008051983466046,342.5
34.02475534888032,348.5
34.04145871429459,355.5
34.058162079708865,361.5
34.07486544512314,367.0
34.09156881053741,372.5
34.10827217595168,377.0
34.124975541365956,381.5
34.14167890678023,386.0
34.1583822721945,389.5
34.175085637608774,393.0
34.19178900302305,395.5
34.20849236843732,397.0
34.22519573385159,398.0
34.241899099265865,399.5
34.25860246468014,400.0
34.27530583009441,399.5
34.29200919550868,398.5
34.308712560922956,397.0
34.32541592633723,395.5
34.3421192917515,394.0
34.358822657165774,390.0
34.37552602258005,387.0
34.39222938799432,382.5
34.40893275340859,378.5
34.425636118822865,374.0
34.44233948423714,368.5
34.45904284965141,362.5
34.47574621506568,357.0
34.492449580479956,350.0
34.50915294589423,343.5
34.5258563113085,337.0
34.542559676722774,329.0
34.55926304213705,321.0
34.57596640755132,314.0
34.59266977296559,306.0
34.609373138379866,298.0
34.62607650379414,289.5
34.64277986920841,281.5
34.659483234622684,274.0
34.67618660003696,265.5
34.69288996545123,257.5
34.7095933308655,250.5
34.726296696279775,242.5
34.74300006169405,235.5
34.75970342710832,228.5
34.77640679252259,222.0
34.793110157936866,215.0
34.80981352335114,209.0
34.82651688876541,204.0
34.843220254179684,198.0
34.85992361959396,193.5
34.87662698500823,189.5
34.8933303504225,184.5
34.910033715836775,181.5
34.92673708125105,179.0
34.94344044666532,176.5
34.96014381207959,174.5
34.976847177493866,174.0
34.99355054290814,172.0
35.01025390832241,171.5
35.026957273736684,173.0
35.04366063915096,173.5
35.06036400456523,175.0
35.0770673699795,176.5
35.093770735393775,179.5
35.11047410080805,182.0
35.12717746622232,185.5
35.143880831636594,189.0
35.160584197050866,194.0
35.17728756246514,198.5
35.19399092787941,204.0
35.210694293293685,209.5
35.22739765870796,215.5
35.24410102412223,221.5
35.2608043895365,228.5
35.277507754950776,235.5
35.29421112036505,242.5
35.31091448577932,249.0
35.327617851193594,257.5
35.34432121660787,265.0
35.36102458202214,272.5
35.37772794743641,280.5
35.394431312850685,289.0
35.41113467826496,296.0
35.42783804367923,304.0
35.4445414090935,312.0
35.461244774507776,318.5
35.47794813992205,326.5
35.49465150533632,334.0
35.511354870750594,340.5
35.52805823616487,347.5
35.54476160157914,353.5
35.56146496699341,359.5
35.578168332407685,365.5
35.59487169782196,371.0
35.61157506323623,375.5
35.6282784286505,381.0
35.644981794064776,385.0
35.66168515947905,388.0
35.67838852489332,392.0
35.695091890307594,394.0
35.71179525572187,396.0
35.72849862113614,397.0
35.74520198655041,398.0
35.761905351964685,398.5
35.77860871737896,398.5
35.79531208279323,398.0
35.812015448207504,397.0
35.82871881362178,395.0
35.84542217903605,392.5
35.86212554445032,390.0
35.878828909864595,386.5
35.89553227527887,383.5
35.91223564069314,378.5
35.92893900610741,374.0
35.945642371521686,369.0
35.96234573693596,363.0
35.97904910235023,357.5
35.995752467764504,351.0
36.01245583317878,345.0
36.02915919859305,337.0
36.04586256400732,330.5
36.062565929421595,322.5
36.07926929483587,315.0
36.09597266025014,307.0
36.11267602566441,300.0
36.129379391078686,291.5
36.14608275649296,283.5
36.16278612190723,275.5
36.179489487321504,268.0
36.19619285273578,260.0
36.21289621815005,252.5
36.22959958356432,244.0
36.246302948978595,237.5
36.26300631439287,230.5
36.27970967980714,224.0
36.29641304522141,217.0
36.313116410635686,211.5
36.32981977604996,205.5
36.34652314146423,200.5
36.363226506878505,194.5
36.37992987229278,191.0
36.39663323770705,186.5
36.41333660312132,183.5
36.430039968535596,180.5
36.44674333394987,178.5
36.46344669936414,176.5
36.480150064778414,174.5
36.49685343019269,173.5
36.51355679560696,173.5
36.53026016102123,173.5
36.546963526435505,174.0
36.56366689184978,175.5
36.58037025726405,177.5
36.59707362267832,179.5
36.613776988092596,182.5
36.63048035350687,185.5
36.64718371892114,189.0
36.663887084335414,194.0
36.68059044974969,198.0
36.69729381516396,203.5
36.71399718057823,209.0
36.730700545992505,214.0
36.74740391140678,221.0
36.76410727682105,227.5
36.78081064223532,234.0
36.797514007649596,240.5
36.81421737306387,248.0
36.83092073847814,256.0
36.847624103892414,263.0
36.86432746930669,271.0
36.88103083472096,278.0
36.89773420013523,286.0
36.914437565549505,294.5
36.93114093096378,301.5
36.94784429637805,309.5
36.964547661792324,317.0
36.981251027206596,323.5
36.99795439262087,330.5
37.01465775803514,338.0
37.031361123449415,345.0
37.04806448886369,351.0
37.06476785427796,357.5
37.08147121969223,363.0
37.098174585106506,368.5
37.11487795052078,373.5
37.13158131593505,378.5
37.148284681349324,382.5
37.1649880467636,386.5
37.18169141217787,389.0
37.19839477759214,392.0
37.215098143006415,394.5
37.23180150842069,396.5
37.24850487383496,397.0
37.26520823924923,397.5
37.281911604663506,398.0
37.29861497007778,397.5
37.31531833549205,396.5
37.332021700906324,395.0
37.3487250663206,393.0
37.36542843173487,389.5
37.38213179714914,387.0
37.398835162563415,383.5
37.41553852797769,379.0
37.43224189339196,374.5
37.44894525880623,370.0
37.465648624220506,364.5
37.48235198963478,357.5
37.49905535504905,351.5
37.515758720463324,345.0
37.5324620858776,338.5
37.54916545129187,331.5
37.56586881670614,324.0
37.582572182120416,316.5
37.59927554753469,308.0
37.61597891294896,301.0
37.632682278363234,293.5
37.64938564377751,285.0
37.66608900919178,277.0
37.68279237460605,269.5
37.699495740020325,262.0
37.7161991054346,253.5
37.73290247084887,246.0
37.74960583626314,239.0
37.766309201677416,232.0
37.78301256709169,226.0
37.79971593250596,218.5
37.816419297920234,212.5
37.83312266333451,207.0
37.84982602874878,202.0
37.86652939416305,197.0
37.883232759577325,192.0
37.8999361249916,188.0
37.91663949040587,184.5
37.93334285582014,181.5
37.950046221234416,179.0
37.96674958664869,177.0
37.98345295206296,175.0
38.000156317477234,174.0
38.01685968289151,174.0
38.03356304830578,174.0
38.05026641372005,174.5
38.066969779134325,176.0
38.0836731445486,177.5
38.10037650996287,180.0
38.117079875377144,182.5
38.133783240791416,185.5
38.15048660620569,189.0
38.16718997161996,193.5
38.183893337034235,197.5
38.20059670244851,203.0
38.21730006786278,209.0
38.23400343327705,214.0
38.250706798691326,220.0
38.2674101641056,226.5
38.28411352951987,233.5
38.300816894934144,240.0
38.31752026034842,247.0
38.33422362576269,254.5
38.35092699117696,262.0
38.367630356591235,270.0
38.38433372200551,277.0
38.40103708741978,285.0
38.41774045283405,292.0
38.434443818248326,300.0
38.4511471836626,307.5
38.46785054907687,315.0
38.484553914491144,322.0
38.50125727990542,330.0
38.51796064531969,336.5
38.53466401073396,344.0
38.551367376148235,350.5
38.56807074156251,356.0
38.58477410697678,361.5
38.60147747239105,367.5
38.618180837805326,372.5
38.6348842032196,376.5
38.65158756863387,381.0
38.668290934048144,385.0
38.68499429946242,387.5
38.70169766487669,390.5
38.71840103029096,393.0
38.735104395705235,395.0
38.75180776111951,396.0
38.76851112653378,396.0
38.785214491948054,397.0
38.80191785736233,397.0
38.8186212227766,395.5
38.83532458819087,394.0
38.852027953605145,392.0
38.86873131901942,389.5
38.88543468443369,386.5
38.90213804984796,383.5
38.918841415262236,379.5
38.93554478067651,374.5
38.95224814609078,370.0
38.968951511505054,365.0
38.98565487691933,359.0
39.0023582423336,352.5
39.01906160774787,346.5
39.035764973162145,339.5
39.05246833857642,332.5
39.06917170399069,326.0
39.08587506940496,317.5
39.102578434819236,311.0
39.11928180023351,302.5
39.13598516564778,295.0
39.152688531062054,286.5
39.16939189647633,278.5
39.1860952618906,271.5
39.20279862730487,264.0
39.219501992719145,255.5
39.23620535813342,248.0
39.25290872354769,241.5
39.26961208896196,234.0
39.286315454376236,227.5
39.30301881979051,220.5
39.31972218520478,215.0
39.336425550619055,209.0
39.35312891603333,204.0
39.3698322814476,199.0
39.38653564686187,194.0
39.403239012276146,190.0
39.41994237769042,186.5
39.43664574310469,183.0
39.453349108518964,180.5
39.47005247393324,178.5
39.48675583934751,177.0
39.50345920476178,175.5
39.520162570176055,175.5
39.53686593559033,175.5
39.5535693010046,175.5
39.57027266641887,177.0
39.586976031833146,178.5
39.60367939724742,179.5
39.62038276266169,182.5
39.637086128075964,186.0
39.65378949349024,189.0
39.67049285890451,193.0
39.68719622431878,197.5
39.703899589733055,202.5
39.72060295514733,207.5
39.7373063205616,213.5
39.75400968597587,219.0
39.770713051390146,225.5
39.78741641680442,232.0
39.80411978221869,238.5
39.820823147632964,246.0
39.83752651304724,252.5
39.85422987846151,260.0
39.87093324387578,268.0
39.887636609290055,275.5
39.90433997470433,283.0
39.9210433401186,291.0
39.937746705532874,298.0
39.954450070947146,305.5
39.97115343636142,313.0
39.98785680177569,320.0
40.004560167189965,328.0
40.02126353260424,335.0
40.03796689801851,341.5
40.05467026343278,348.0
40.071373628847056,354.0
40.08807699426133,359.0
40.1047803596756,365.0
40.121483725089874,370.0
40.13818709050415,375.0
40.15489045591842,379.5
40.17159382133269,383.0
40.188297186746965,386.5
40.20500055216124,389.0
40.22170391757551,391.5
40.23840728298978,393.5
40.255110648404056,395.0
40.27181401381833,396.0
40.2885173792326,396.0
40.305220744646874,396.0
40.32192411006115,395.0
40.33862747547542,393.5
40.35533084088969,392.0
40.372034206303965,389.5
40.38873757171824,387.0
40.40544093713251,383.0
40.42214430254678,379.5
40.438847667961056,375.0
40.45555103337533,370.0
40.4722543987896,365.0
40.488957764203874,359.0
40.50566112961815,353.5
40.52236449503242,347.0
40.53906786044669,340.0
40.555771225860966,333.5
40.57247459127524,327.0
40.58917795668951,319.0
40.605881322103784,311.5
40.62258468751806,303.5
40.63928805293233,296.5
40.6559914183466,288.0
40.672694783760875,280.5
40.68939814917515,273.0
40.70610151458942,265.0
40.72280488000369,257.5
40.739508245417966,250.0
40.75621161083224,243.0
40.77291497624651,236.0
40.789618341660784,229.0
40.80632170707506,222.5
40.82302507248933,216.0
40.8397284379036,210.5
40.856431803317875,205.5
40.87313516873215,200.0
40.88983853414642,195.0
40.90654189956069,191.0
40.923245264974966,187.5
40.93994863038924,184.0
40.95665199580351,182.0
40.973355361217784,179.5
40.99005872663206,177.5
41.00676209204633,177.0
41.0234654574606,176.0
41.040168822874875,176.0
41.05687218828915,176.5
41.07357555370342,177.5
41.090278919117694,179.0
41.106982284531966,181.0
41.12368564994624,183.0
41.14038901536051,186.0
41.157092380774785,189.5
41.17379574618906,193.5
41.19049911160333,197.0
41.2072024770176,202.5
41.223905842431876,206.5
41.24060920784615,212.5
41.25731257326042,218.5
41.274015938674694,224.5
41.29071930408897,230.5
41.30742266950324,237.5
41.32412603491751,245.0
41.340829400331785,252.0
41.35753276574606,259.0
41.37423613116033,266.5
41.3909394965746,273.5
41.407642861988876,281.5
41.42434622740315,288.5
41.44104959281742,296.5
41.457752958231694,303.0
41.47445632364597,310.5
41.49115968906024,319.0
41.50786305447451,325.5
41.524566419888785,333.0
41.54126978530306,339.0
41.55797315071733,345.5
41.5746765161316,351.5
41.591379881545876,357.5
41.60808324696015,364.0
41.62478661237442,368.5
41.641489977788694,373.0
41.65819334320297,377.5
41.67489670861724,381.0
41.69160007403151,384.0
41.708303439445785,387.5
41.72500680486006,390.0
41.74171017027433,392.0
41.758413535688604,394.0
41.77511690110288,394.5
41.79182026651715,395.0
41.80852363193142,394.5
41.825226997345695,394.0
41.84193036275997,393.0
41.85863372817424,391.0
41.87533709358851,389.0
41.892040459002786,385.5
41.90874382441706,383.0
41.92544718983133,378.5
41.942150555245604,375.0
41.95885392065988,370.0
41.97555728607415,365.0
41.99226065148842,360.0
42.008964016902695,354.0
42.02566738231697,347.5
42.04237074773124,341.0
42.05907411314551,335.0
42.075777478559786,327.5
42.09248084397406,320.0
42.10918420938833,312.5
42.125887574802604,305.0
42.14259094021688,298.0
42.15929430563115,290.0
42.17599767104542,282.0
42.192701036459695,275.0
42.20940440187397,266.5
42.22610776728824,260.0
42.24281113270251,252.5
42.259514498116786,245.0
42.27621786353106,237.5
42.29292122894533,231.5
42.309624594359605,225.5
42.32632795977388,219.0
42.34303132518815,213.5
42.35973469060242,207.5
42.376438056016696,203.0
42.39314142143097,198.0
42.40984478684524,193.5
42.426548152259514,190.0
42.44325151767379,186.5
42.45995488308806,184.0
42.47665824850233,182.0
42.493361613916605,180.0
42.51006497933088,178.5
42.52676834474515,177.5
42.54347171015942,177.5
42.560175075573696,178.0
42.57687844098797,179.0
42.59358180640224,180.0
42.610285171816514,182.0
42.62698853723079,184.0
42.64369190264506,187.0
42.66039526805933,190.0
42.677098633473605,193.5
42.69380199888788,197.5
42.71050536430215,202.5
42.72720872971642,207.5
42.743912095130696,212.5
42.76061546054497,218.5
42.77731882595924,224.5
42.794022191373514,231.0
42.81072555678779,237.0
42.82742892220206,244.0
42.84413228761633,251.0
42.860835653030605,258.5
42.87753901844488,265.5
42.89424238385915,273.0
42.910945749273424,280.5
42.927649114687696,288.0
42.94435248010197,295.5
42.96105584551624,302.5
42.977759210930515,310.0
42.99446257634479,317.0
43.01116594175906,325.0
43.02786930717333,331.5
43.044572672587606,337.5
43.06127603800188,345.0
43.07797940341615,350.0
43.094682768830424,357.0
43.1113861342447,362.0
43.12808949965897,367.0
43.14479286507324,371.5
43.161496230487515,376.0
43.17819959590179,380.0
43.19490296131606,383.0
43.21160632673033,386.5
43.228309692144606,388.5
43.24501305755888,390.5
43.26171642297315,392.5
43.278419788387424,393.5
43.2951231538017,393.5
43.31182651921597,393.5
43.32852988463024,393.5
43.345233250044515,392.0
43.36193661545879,390.5
43.37863998087306,388.0
43.39534334628733,385.5
43.412046711701606,382.5
43.42875007711588,378.5
43.44545344253015,374.5
43.462156807944424,370.5
43.4788601733587,365.0
43.49556353877297,360.0
43.51226690418724,354.5
43.528970269601515,348.5
43.54567363501579,341.5
43.56237700043006,335.5
43.579080365844334,328.0
43.59578373125861,321.0
43.61248709667288,314.0
43.62919046208715,306.0
43.645893827501425,298.5
43.6625971929157,291.5
43.67930055832997,283.5
43.69600392374424,276.5
43.712707289158516,268.5
43.72941065457279,261.5
43.74611401998706,253.5
43.762817385401334,247.0
43.77952075081561,240.0
43.79622411622988,232.5
43.81292748164415,226.5
43.829630847058425,220.0
43.8463342124727,214.5
43.86303757788697,209.0
43.87974094330124,204.0
43.896444308715516,198.5
43.91314767412979,195.0
43.92985103954406,190.5
43.946554404958334,188.0
43.96325777037261,185.0
43.97996113578688,182.5
43.99666450120115,180.5
44.013367866615425,179.5
44.0300712320297,179.0
44.04677459744397,178.0
44.063477962858244,178.5
44.080181328272516,179.5
44.09688469368679,179.5
44.11358805910106,182.5
44.130291424515335,184.0
44.14699478992961,187.0
44.16369815534388,190.0
44.18040152075815,194.0
44.197104886172426,198.0
44.2138082515867,202.5
44.23051161700097,207.0
44.247214982415244,211.5
44.26391834782952,218.0
44.28062171324379,223.0
44.29732507865806,229.5
44.314028444072335,236.5
44.33073180948661,242.5
44.34743517490088,250.0
44.36413854031515,257.5
44.380841905729426,264.0
44.3975452711437,271.0
44.41424863655797,278.0
44.430952001972244,286.0
44.44765536738652,293.5
44.46435873280079,301.5
44.48106209821506,308.5
44.497765463629335,315.0
44.51446882904361,322.5
44.53117219445788,328.5
44.54787555987215,336.0
44.564578925286426,342.0
44.5812822907007,349.0
44.59798565611497,354.5
44.614689021529244,360.0
44.63139238694352,365.5
44.64809575235779,369.5
44.66479911777206,374.0
44.681502483186335,377.5
44.69820584860061,382.0
44.71490921401488,385.0
44.731612579429154,387.0
44.74831594484343,389.5
44.7650193102577,391.0
44.78172267567197,392.5
44.798426041086245,392.5
44.81512940650052,392.5
44.83183277191479,392.0
44.84853613732906,391.5
44.865239502743336,390.0
44.88194286815761,387.5
44.89864623357188,385.0
44.915349598986154,382.0
44.93205296440043,379.0
44.9487563298147,375.0
44.96545969522897,370.0
44.982163060643245,365.5
44.99886642605752,361.0
45.01556979147179,355.0
45.03227315688606,348.5
45.048976522300336,342.5
45.06567988771461,335.5
45.08238325312888,329.5
45.099086618543154,322.0
45.11578998395743,314.5
45.1324933493717,307.5
45.14919671478597,300.0
45.165900080200245,292.5
45.18260344561452,285.0
45.19930681102879,278.0
45.21601017644306,270.0
45.232713541857336,262.0
45.24941690727161,255.0
45.26612027268588,248.5
45.282823638100155,241.0
45.29952700351443,234.0
45.3162303689287,227.5
45.33293373434297,222.0
45.349637099757246,216.0
45.36634046517152,210.0
45.38304383058579,205.5
45.399747196000064,200.5
45.41645056141434,196.5
45.43315392682861,192.0
45.44985729224288,189.0
45.466560657657155,186.0
45.48326402307143,183.5
45.4999673884857,182.0
45.51667075389997,180.0
45.533374119314246,179.5
45.55007748472852,179.0
45.56678085014279,179.5
45.583484215557064,179.5
45.60018758097134,181.0
45.61689094638561,182.5
45.63359431179988,184.5
45.650297677214155,186.5
45.66700104262843,190.0
45.6837044080427,193.5
45.70040777345697,198.0
45.717111138871246,202.0
45.73381450428552,206.5
45.75051786969979,212.0
45.767221235114064,217.0
45.78392460052834,223.0
45.80062796594261,229.5
45.81733133135688,236.0
45.834034696771155,242.5
45.85073806218543,249.0
45.8674414275997,255.5
45.884144793013974,263.0
45.900848158428246,270.5
45.91755152384252,277.5
45.93425488925679,285.5
45.950958254671065,292.0
45.96766162008534,299.5
45.98436498549961,307.0
46.00106835091388,314.5
46.017771716328156,321.0
46.03447508174243,328.5
46.0511784471567,335.0
46.067881812570974,340.5
46.08458517798525,346.5
46.10128854339952,353.0
46.11799190881379,358.0
46.134695274228065,363.5
46.15139863964234,368.5
46.16810200505661,372.5
46.18480537047088,376.0
46.201508735885156,380.0
46.21821210129943,383.5
46.2349154667137,385.5
46.251618832127974,388.5
46.26832219754225,389.5
46.28502556295652,391.0
46.30172892837079,391.5
46.318432293785065,391.5
46.33513565919934,391.5
46.35183902461361,390.5
46.36854239002788,389.0
46.385245755442156,387.0
46.40194912085643,385.0
46.4186524862707,382.0
46.435355851684974,378.5
46.45205921709925,374.5
46.46876258251352,370.5
46.48546594792779,365.0
46.502169313342065,360.0
46.51887267875634,354.5
46.53557604417061,349.5
46.552279409584884,343.0
46.56898277499916,337.0
46.58568614041343,330.5
46.6023895058277,322.5
46.619092871241975,315.5
46.63579623665625,308.0
46.65249960207052,301.0
46.66920296748479,294.0
46.685906332899066,286.0
46.70260969831334,278.5
46.71931306372761,272.0
46.736016429141884,264.0
46.75271979455616,257.0
46.76942315997043,250.0
46.7861265253847,243.0
46.802829890798975,236.0
46.81953325621325,229.5
46.83623662162752,223.0
46.85293998704179,218.0
46.869643352456066,212.0
46.88634671787034,206.5
46.90305008328461,203.0
46.919753448698884,198.0
46.93645681411316,194.0
46.95316017952743,190.0
46.9698635449417,187.5
46.986566910355975,184.5
47.00327027577025,183.5
47.01997364118452,181.5
47.036677006598794,181.0
47.053380372013066,179.5
47.07008373742734,180.0
47.08678710284161,180.5
47.103490468255885,181.0
47.12019383367016,182.0
47.13689719908443,185.0
47.1536005644987,187.5
47.170303929912976,190.5
47.18700729532725,193.5
47.20371066074152,197.0
47.220414026155794,202.0
47.23711739157007,206.0
47.25382075698434,211.0
47.27052412239861,217.0
47.287227487812885,222.5
47.30393085322716,228.0
47.32063421864143,234.5
47.3373375840557,241.5
47.354040949469976,248.5
47.37074431488425,255.0
47.38744768029852,261.5
47.404151045712794,269.0
47.42085441112707,276.0
47.43755777654134,283.5
47.45426114195561,290.5
47.470964507369885,297.5
47.48766787278416,305.5
47.50437123819843,312.5
47.5210746036127,319.0
47.537777969026976,326.0
47.55448133444125,333.0
47.57118469985552,338.5
47.587888065269794,345.0
47.60459143068407,351.0
47.62129479609834,356.5
47.63799816151261,362.0
47.654701526926885,367.0
47.67140489234116,371.5
47.68810825775543,375.5
47.704811623169704,379.0
47.721514988583976,382.0
47.73821835399825,384.5
47.75492171941252,387.5
47.771625084826795,389.0
47.78832845024107,390.0
47.80503181565534,390.5
47.82173518106961,391.0
47.838438546483886,390.5
47.85514191189816,389.5
47.87184527731243,388.5
47.888548642726704,387.0
47.90525200814098,384.0
47.92195537355525,382.0
47.93865873896952,379.0
47.955362104383795,375.0
47.97206546979807,370.5
47.98876883521234,365.5
48.00547220062661,360.5
48.022175566040886,355.5
48.03887893145516,350.0
48.05558229686943,344.0
48.072285662283704,337.5
48.08898902769798,331.0
48.10569239311225,324.0
48.12239575852652,317.0
48.139099123940795,310.0
48.15580248935507,302.5
48.17250585476934,295.0
48.18920922018361,287.5
48.205912585597886,281.0
48.22261595101216,273.0
48.23931931642643,266.0
48.256022681840705,258.0
48.27272604725498,251.0
48.28942941266925,245.0
48.30613277808352,238.0
48.322836143497796,231.5
48.33953950891207,225.0
48.35624287432634,219.5
48.372946239740614,214.0
48.38964960515489,209.0
48.40635297056916,204.0
48.42305633598343,199.5
48.439759701397705,196.0
48.45646306681198,191.5
48.47316643222625,189.0
48.48986979764052,186.5
48.506573163054796,184.5
48.52327652846907,182.5
48.53997989388334,182.0
48.556683259297614,181.0
48.57338662471189,181.0
48.59008999012616,181.0
48.60679335554043,182.5
48.623496720954705,183.5
48.64020008636898,185.5
48.65690345178325,187.5
48.67360681719752,191.0
48.690310182611796,193.5
48.70701354802607,198.0
48.72371691344034,201.5
48.740420278854614,206.0
48.75712364426889,211.0
48.77382700968316,216.5
48.79053037509743,222.0
48.807233740511705,228.0
48.82393710592598,234.0
48.84064047134025,240.5
48.857343836754524,247.0
48.874047202168796,254.0
48.89075056758307,260.5
48.90745393299734,267.5
48.924157298411615,274.5
48.94086066382589,281.5
48.95756402924016,289.5
48.97426739465443,296.5
48.990970760068706,303.5
49.00767412548298,310.5
49.02437749089725,317.5
49.041080856311524,324.0
49.0577842217258,330.5
49.07448758714007,337.5
49.09119095255434,343.5
49.107894317968615,349.5
49.12459768338289,355.0
49.14130104879716,360.0
49.15800441421143,365.0
49.174707779625706,369.5
49.19141114503998,373.5
49.20811451045425,377.0
49.224817875868524,380.5
49.2415212412828,383.5
49.25822460669707,386.0
49.27492797211134,387.5
49.291631337525615,388.5
49.30833470293989,389.5
49.32503806835416,390.0
49.34174143376843,390.0
49.358444799182706,389.0
49.37514816459698,388.0
49.39185153001125,386.0
49.408554895425524,384.0
49.4252582608398,381.5
49.44196162625407,378.5
49.45866499166834,374.0
49.475368357082615,370.5
49.49207172249689,366.0
49.50877508791116,361.5
49.525478453325434,356.0
49.54218181873971,350.0
49.55888518415398,344.0
49.57558854956825,338.0
49.592291914982525,331.5
49.6089952803968,325.5
49.62569864581107,318.5
49.64240201122534,311.5
49.659105376639616,303.5
49.67580874205389,296.0
49.69251210746816,289.0
49.709215472882434,282.0
49.72591883829671,274.5
49.74262220371098,267.0
49.75932556912525,259.5
49.776028934539525,253.0
49.7927322999538,245.5
49.80943566536807,239.0
49.82613903078234,233.0
49.842842396196616,227.0
49.85954576161089,221.0
49.87624912702516,215.5
49.892952492439434,210.0
49.90965585785371,205.5
49.92635922326798,201.5
49.94306258868225,196.5
49.959765954096525,193.0
49.9764693195108,190.0
49.99317268492507,187.0
50.009876050339344,185.5
50.026579415753616,183.5
50.04328278116789,182.5
50.05998614658216,182.5
50.076689511996435,182.0
50.09339287741071,182.0
50.11009624282498,183.0
50.12679960823925,184.5
50.143502973653526,186.0
50.1602063390678,188.0
50.17690970448207,191.5
50.193613069896344,194.5
50.21031643531062,198.0
50.22701980072489,202.0
50.24372316613916,206.5
50.260426531553435,211.0
50.27712989696771,216.5
50.29383326238198,221.5
50.31053662779625,227.5
50.327239993210526,233.0
50.3439433586248,239.0
50.36064672403907,246.5
50.377350089453344,253.0
50.39405345486762,259.5
50.41075682028189,267.0
50.42746018569616,274.0
50.444163551110435,280.5
50.46086691652471,288.0
50.47757028193898,294.5
50.49427364735325,302.5
50.510977012767526,309.5
50.5276803781818,316.0
50.54438374359607,322.5
50.561087109010344,329.0
50.57779047442462,336.0
50.59449383983889,341.5
50.61119720525316,348.0
50.627900570667435,353.5
50.64460393608171,359.0
50.66130730149598,363.5
50.678010666910254,367.5
50.694714032324526,372.0
50.7114173977388,376.5
50.72812076315307,379.5
50.744824128567345,382.0
50.76152749398162,384.5
50.77823085939589,386.0
50.79493422481016,387.5
50.811637590224436,389.0
50.82834095563871,389.0
50.84504432105298,389.5
50.861747686467254,388.5
50.87845105188153,387.5
50.8951544172958,386.0
50.91185778271007,384.0
50.928561148124345,381.0
50.94526451353862,377.5
50.96196787895289,374.0
50.97867124436716,370.0
50.995374609781436,365.5
51.01207797519571,361.5
51.02878134060998,356.0
51.045484706024254,350.5
51.06218807143853,345.5
51.0788914368528,338.5
51.09559480226707,332.5
51.112298167681345,326.0
51.12900153309562,319.0
51.14570489850989,312.0
51.16240826392416,305.5
51.179111629338436,297.5
51.19581499475271,290.0
51.21251836016698,282.5
51.229221725581255,276.0
51.24592509099553,268.5
51.2626284564098,261.5
51.27933182182407,254.5
51.296035187238346,247.5
51.31273855265262,241.5
51.32944191806689,234.5
51.346145283481164,228.0
51.36284864889544,223.0
51.37955201430971,217.0
51.39625537972398,211.5
51.412958745138255,207.0
51.42966211055253,202.5
51.4463654759668,199.0
51.46306884138107,195.0
51.479772206795346,192.0
51.49647557220962,189.5
51.51317893762389,187.5
51.529882303038164,185.5
51.54658566845244,184.5
51.56328903386671,183.5
51.57999239928098,183.5
51.596695764695255,183.0
51.61339913010953,184.0
51.6301024955238,185.0
51.64680586093807,186.5
51.663509226352346,189.0
51.68021259176662,191.0
51.69691595718089,194.5
51.713619322595164,198.0
51.73032268800944,202.0
51.74702605342371,206.0
51.76372941883798,210.5
51.780432784252255,216.0
51.79713614966653,221.5
51.8138395150808,227.5
51.830542880495074,232.5
51.847246245909346,238.5
51.86394961132362,245.5
51.88065297673789,252.0
51.897356342152165,258.5
51.91405970756644,265.0
51.93076307298071,272.5
51.94746643839498,279.5
51.964169803809256,287.0
51.98087316922353,294.0
51.9975765346378,300.5
52.014279900052074,308.0
52.03098326546635,314.5
52.04768663088062,321.5
52.06438999629489,328.0
52.081093361709165,334.5
52.09779672712344,341.0
52.11450009253771,346.0
52.13120345795198,352.0
52.147906823366256,357.5
52.16461018878053,362.0
52.1813135541948,367.0
52.198016919609074,371.0
52.21472028502335,374.5
52.23142365043762,378.0
52.24812701585189,381.0
52.264830381266165,383.5
52.28153374668044,385.5
52.29823711209471,386.5
52.31494047750898,387.5
52.331643842923256,388.5
52.34834720833753,388.5
52.3650505737518,388.0
52.381753939166074,387.5
52.39845730458035,385.5
52.41516066999462,383.5
52.43186403540889,381.0
52.448567400823165,378.0
52.46527076623744,374.0
52.48197413165171,371.0
52.498677497065984,367.0
52.51538086248026,362.5
52.53208422789453,357.0
52.5487875933088,351.5
52.565490958723075,346.0
52.58219432413735,340.5
52.59889768955162,333.5
52.61560105496589,327.0
52.632304420380166,320.0
52.64900778579444,313.5
52.66571115120871,306.5
52.682414516622984,299.0
52.69911788203726,293.0
52.71582124745153,285.0
52.7325246128658,277.5
52.749227978280075,270.0
52.76593134369435,263.5
52.78263470910862,257.0
52.79933807452289,250.0
52.816041439937166,243.5
52.83274480535144,237.0
52.84944817076571,231.0
52.866151536179984,224.5
52.88285490159426,219.0
52.89955826700853,214.5
52.9162616324228,209.0
52.932964997837075,204.5
52.94966836325135,201.0
52.96637172866562,197.0
52.983075094079894,193.5
52.999778459494166,191.0
53.01648182490844,188.5
53.03318519032271,186.5
53.049888555736985,185.0
53.06659192115126,185.0
53.08329528656553,184.5
53.0999986519798,184.0
53.116702017394076,185.0
53.13340538280835,186.5
53.15010874822262,187.5
53.166812113636894,189.5
53.18351547905117,192.0
53.20021884446544,195.0
53.21692220987971,199.0
53.233625575293985,201.5
53.25032894070826,206.5
53.26703230612253,211.5
53.2837356715368,216.0
53.300439036951076,221.5
53.31714240236535,227.0
53.33384576777962,232.0
53.350549133193894,238.5
53.36725249860817,245.0
53.38395586402244,251.0
53.40065922943671,258.5
53.417362594850985,265.0
53.43406596026526,272.0
53.45076932567953,279.0
53.4674726910938,285.0
53.484176056508076,292.5
53.50087942192235,299.5
53.51758278733662,306.5
53.534286152750894,313.5
53.55098951816517,319.5
53.56769288357944,326.5
53.58439624899371,333.5
53.601099614407985,340.0
53.61780297982226,345.5
53.63450634523653,350.5
53.651209710650804,356.0
53.667913076065076,360.5
53.68461644147935,365.0
53.70131980689362,369.5
53.718023172307895,373.0
53.73472653772217,376.5
53.75142990313644,379.5
53.76813326855071,382.0
53.784836633964986,383.5
53.80153999937926,385.5
53.81824336479353,387.0
53.834946730207804,387.0
53.85165009562208,386.5
53.86835346103635,386.5
53.88505682645062,386.0
53.901760191864895,385.0
53.91846355727917,382.5
53.93516692269344,380.0
53.95187028810771,378.0
53.968573653521986,374.0
53.98527701893626,370.5
54.00198038435053,366.5
54.018683749764804,362.0
54.03538711517908,357.5
54.05209048059335,352.0
54.06879384600762,345.0
54.085497211421895,340.0
54.10220057683617,333.5
54.11890394225044,327.5
54.13560730766471,320.5
54.152310673078986,314.0
54.16901403849326,307.0
54.18571740390753,300.0
54.202420769321805,292.5
54.21912413473608,286.5
54.23582750015035,278.0
54.25253086556462,271.5
54.269234230978896,264.0
54.28593759639317,257.5
54.30264096180744,250.5
54.319344327221714,245.0
54.33604769263599,238.5
54.35275105805026,232.0
54.36945442346453,226.5
54.386157788878805,220.5
54.40286115429308,214.5
54.41956451970735,210.0
54.43626788512162,206.0
54.452971250535896,201.5
54.46967461595017,198.0
54.48637798136444,194.5
54.503081346778714,192.0
54.51978471219299,189.5
54.53648807760726,187.5
54.55319144302153,186.0
54.569894808435805,186.0
54.58659817385008,185.0
54.60330153926435,185.0
54.62000490467862,186.0
54.636708270092896,186.0
54.65341163550717,188.0
54.67011500092144,189.5
54.686818366335714,192.0
54.70352173174999,195.0
54.72022509716426,198.5
54.73692846257853,202.0
54.753631827992805,206.5
54.77033519340708,210.5
54.78703855882135,215.0
54.803741924235624,220.5
54.820445289649896,226.0
54.83714865506417,232.0
54.85385202047844,238.0
54.870555385892715,243.5
54.88725875130699,250.0
54.90396211672126,257.0
54.92066548213553,263.5
54.937368847549806,270.5
54.95407221296408,277.5
54.97077557837835,284.0
54.987478943792624,291.0
55.0041823092069,298.5
55.02088567462117,304.5
55.03758904003544,312.0
55.054292405449715,318.0
55.07099577086399,324.5
55.08769913627826,331.0
55.10440250169253,336.5
55.121105867106806,343.5
55.13780923252108,349.0
55.15451259793535,354.0
55.171215963349624,359.0
55.1879193287639,363.5
55.20462269417817,368.0
55.22132605959244,371.5
55.238029425006715,375.0
55.25473279042099,378.0
55.27143615583526,380.5
55.28813952124953,382.5
55.304842886663806,384.5
55.32154625207808,386.0
55.33824961749235,386.5
55.354952982906624,386.5
55.3716563483209,386.0
55.38835971373517,385.0
55.40506307914944,385.0
55.421766444563715,382.5
55.43846980997799,380.0
55.45517317539226,377.0
55.471876540806534,374.0
55.48857990622081,370.0
55.50528327163508,366.0
55.52198663704935,362.0
55.538690002463625,356.5
55.5553933678779,351.5
55.57209673329217,346.5
55.58880009870644,340.0
55.605503464120716,334.0
55.62220682953499,327.5
55.63891019494926,321.0
55.655613560363534,315.0
55.67231692577781,308.0
55.68902029119208,301.0
55.70572365660635,294.0
55.722427022020625,287.0
55.7391303874349,279.5
55.75583375284917,273.0
55.77253711826344,265.5
55.789240483677716,259.0
55.80594384909199,252.5
55.82264721450626,245.5
55.839350579920534,239.0
55.85605394533481,233.5
55.87275731074908,227.0
55.88946067616335,221.5
55.906164041577625,217.0
55.9228674069919,211.5
55.93957077240617,207.0
55.956274137820444,203.0
55.972977503234716,199.5
55.98968086864899,195.5
56.00638423406326,193.5
56.023087599477535,190.5
56.03979096489181,188.5
56.05649433030608,187.0
56.07319769572035,186.0
56.089901061134626,186.0
56.1066044265489,186.0
56.12330779196317,186.0
56.140011157377444,186.5
56.15671452279172,188.5
56.17341788820599,189.5
56.19012125362026,192.5
56.206824619034535,195.0
56.22352798444881,198.0
56.24023134986308,201.5
56.25693471527735,205.5
56.273638080691626,210.5
56.2903414461059,214.5
56.30704481152017,220.0
56.323748176934444,225.5
56.34045154234872,231.0
56.35715490776299,236.5
56.37385827317726,243.0
56.390561638591535,249.0
56.40726500400581,256.0
56.42396836942008,262.0
56.44067173483435,269.5
56.457375100248626,276.0
56.4740784656629,282.5
56.49078183107717,289.5
56.507485196491444,296.5
56.52418856190572,303.5
56.54089192731999,310.0
56.55759529273426,317.5
56.574298658148535,322.5
56.59100202356281,330.0
56.60770538897708,336.5
56.624408754391354,342.0
56.641112119805626,347.0
56.6578154852199,352.5
56.67451885063417,358.0
56.691222216048445,362.0
56.70792558146272,366.0
56.72462894687699,370.0
56.74133231229126,373.5
56.758035677705536,376.5
56.77473904311981,379.0
56.79144240853408,381.5
56.808145773948354,383.0
56.82484913936263,385.0
56.8415525047769,385.0
56.85825587019117,385.5
56.874959235605445,387.0
56.89166260101972,384.5
56.90836596643399,383.0
56.92506933184826,381.5
56.941772697262536,379.5
56.95847606267681,377.0
56.97517942809108,374.0
56.991882793505354,370.0
57.00858615891963,366.0
57.0252895243339,362.5
57.04199288974817,357.5
57.058696255162445,352.0
57.07539962057672,347.0
57.09210298599099,341.0
57.10880635140526,334.5
57.125509716819536,329.0
57.14221308223381,322.5
57.15891644764808,316.0
57.175619813062355,309.0
57.19232317847663,302.0
57.2090265438909,295.5
57.22572990930517,288.0
57.242433274719446,281.5
57.25913664013372,274.0
57.27584000554799,267.0
57.292543370962264,261.0
57.30924673637654,254.0
57.32595010179081,247.0
57.34265346720508,241.0
57.359356832619355,235.5
57.37606019803363,229.5
57.3927635634479,223.5
57.40946692886217,218.0
57.426170294276446,213.0
57.44287365969072,208.5
57.45957702510499,205.0
57.476280390519264,201.0
57.49298375593354,197.0
57.50968712134781,194.5
57.52639048676208,192.5
57.543093852176355,190.5
57.55979721759063,188.0
57.5765005830049,187.5
57.59320394841917,187.0
57.609907313833446,187.0
57.62661067924772,187.0
57.64331404466199,188.0
57.660017410076264,189.5
57.67672077549054,191.0
57.69342414090481,193.5
57.71012750631908,196.0
57.726830871733355,199.0
57.74353423714763,202.0
57.7602376025619,206.0
57.776940967976174,210.5
57.793644333390446,215.5
57.81034769880472,220.0
57.82705106421899,225.5
57.843754429633265,230.5
57.86045779504754,237.0
57.87716116046181,242.5
57.89386452587608,249.0
57.910567891290356,255.0
57.92727125670463,261.5
57.9439746221189,269.0
57.960677987533174,276.0
57.97738135294745,282.0
57.99408471836172,289.0
58.01078808377599,295.5
58.027491449190265,302.0
58.04419481460454,308.5
58.06089818001881,315.0
58.07760154543308,322.0
58.094304910847356,328.5
58.11100827626163,334.5
58.1277116416759,340.5
58.144415007090174,346.0
58.16111837250445,351.0
58.17782173791872,356.5
58.19452510333299,361.0
58.211228468747265,365.0
58.22793183416154,369.0
58.24463519957581,373.0
58.26133856499008,375.5
58.278041930404356,378.5
58.29474529581863,381.0
58.3114486612329,383.0
58.328152026647174,383.5
58.34485539206145,384.5
58.36155875747572,384.5
58.37826212288999,385.0
58.394965488304265,384.5
58.41166885371854,383.0
58.42837221913281,381.0
58.445075584547084,379.5
58.46177894996136,377.5
58.47848231537563,374.0
58.4951856807899,370.0
58.511889046204175,366.0
58.52859241161845,362.5
58.54529577703272,358.5
58.56199914244699,353.5
58.578702507861266,347.0
58.59540587327554,342.0
58.61210923868981,336.0
58.628812604104084,330.0
58.64551596951836,323.5
58.66221933493263,317.0
58.6789227003469,310.0
58.695626065761175,303.5
58.71232943117545,296.5
58.72903279658972,289.5
58.74573616200399,282.5
58.762439527418266,276.0
58.77914289283254,269.0
58.79584625824681,261.5
58.812549623661084,255.5
58.82925298907536,249.0
58.84595635448963,242.5
58.8626597199039,236.0
58.879363085318175,231.0
58.89606645073245,225.5
58.91276981614672,219.0
58.929473181560994,214.5
58.946176546975266,210.5
58.96287991238954,205.5
58.97958327780381,202.0
58.996286643218085,198.5
59.01299000863236,196.0
59.02969337404663,193.0
59.0463967394609,191.0
59.063100104875176,189.5
59.07980347028945,188.5
59.09650683570372,187.5
59.113210201117994,187.5
59.12991356653227,187.5
59.14661693194654,188.5
59.16332029736081,189.5
59.180023662775085,191.5
59.19672702818936,193.0
59.21343039360363,196.0
59.2301337590179,199.0
59.246837124432176,202.5
59.26354048984645,206.0
59.28024385526072,210.0
59.296947220674994,215.0
59.31365058608927,219.5
59.33035395150354,224.5
59.34705731691781,230.5
59.363760682332085,235.5
59.38046404774636,242.0
59.39716741316063,248.5
59.4138707785749,254.5
59.430574143989176,261.0
59.44727750940345,267.5
59.46398087481772,273.5
59.480684240231994,280.0
59.49738760564627,288.0
59.51409097106054,295.0
59.53079433647481,301.5
59.547497701889085,308.0
59.56420106730336,314.5
59.58090443271763,321.0
59.597607798131904,327.0
59.614311163546176,333.5
59.63101452896045,339.0
59.64771789437472,345.0
59.664421259788995,349.5
59.68112462520327,355.0
59.69782799061754,360.0
59.71453135603181,364.0
59.731234721446086,368.0
59.74793808686036,371.5
59.76464145227463,374.0
59.781344817688904,377.0
59.79804818310318,379.5
59.81475154851745,381.5
59.83145491393172,382.5
59.848158279345995,383.5
59.86486164476027,384.0
59.88156501017454,384.0
59.89826837558881,383.5
59.914971741003086,382.5
59.93167510641736,381.0
59.94837847183163,379.0
59.965081837245904,376.0
59.98178520266018,373.5
59.99848856807445,370.0
60.01519193348872,367.0
60.031895298902995,362.5
60.04859866431727,357.5
60.06530202973154,353.0
60.08200539514581,347.5
60.098708760560086,342.5
60.11541212597436,336.5
60.13211549138863,329.0
60.148818856802905,323.5
